title,author,url

Чужа-своя-рідна,Ірина Феофанова,https://starylev.com.ua//knyga-cuza-svoya-ridna

Жити не можна померти,Олександр Осадко,https://starylev.com.ua//knyga-zyty-ne-mozna-pomerty

Шелест бамбукового гаю,Станіслав Асєєв,https://starylev.com.ua//knyga-selest-bambukovogo-gayu

Андрофаги,Данило Клочко,https://starylev.com.ua//knyga-androfagy

Стінк і найсмердючіші кросівки у світі. Книга 3,Меґан МакДоналд,https://starylev.com.ua//knyga-stink-i-naysmerdyucisi-krosivky-u-sviti

Життя іграшкових овечок,Галина Вдовиченко,https://starylev.com.ua//knyga-zyttya-igraskovyx-ovecok

Пінгвін Айнштайн,Айона Рейнджлі,https://starylev.com.ua//knyga-pingvin-aynstayn

Книга сміху і забуття,Мілан Кундера,https://starylev.com.ua//knyga-knyga-smixu-i-zabuttya

Один день у Стародавній Греції,Джакопо Олів’єрі,https://starylev.com.ua//knyga-odyn-den-u-starodavniy-greciyi

"Котик, Півник, Шафка",Олександр Михед,https://starylev.com.ua//knyga-kotyk-pivnyk-safka

"Киця Миця, мандрівниця",Ірина Савка,https://starylev.com.ua//knyga-kycya-mycya-mandrivnycya

Зграя Загрози,Том Флетчер,https://starylev.com.ua//knyga-zgraya-zagrozy

Кондитерка-втікачка,Луїз Міллер,https://starylev.com.ua//knyga-kondyterka-vtikacka

Різдвозавр. Книжка-картинка,Том Флетчер,https://starylev.com.ua//knyga-rizdvozavr-knyzka-kartynka

"Львів: місто, природа, простір",Микола Назарук,https://starylev.com.ua//knyga-lviv-misto-pryroda-prostir

Поцілунок у Парижі,Кетрін Райдер,https://starylev.com.ua//knyga-pocilunok-u-paryzi

Жахотінь. Книга 3,Томас Тейлор,https://starylev.com.ua//knyga-zaxotin

Моє тихе Різдво,Володимир Аренєв,https://starylev.com.ua//knyga-moye-tyxe-rizdvo

Усі під підозрою!,Маруся Щербина,https://starylev.com.ua//knyga-usi-pid-pidozroyu

СКОРО РІЗДВО! Велика Адвент-Книга,Бордін Клаудія,https://starylev.com.ua//knyga-skoro-rizdvo

Драми довкола реклами.  Як реклама потрапляє в наші голови (і залишається в них),Еріка Файві,https://starylev.com.ua//knyga-dramy-dovkola-reklamy-yak-reklama-potraplyaye-v-nasi-golovy-i-zalysayetsya-v-nyx

Її порожні місця,Анна Грувер,https://starylev.com.ua//knyga-yiyi-porozni-miscya

Любе моє життя,Рейчел Кларк,https://starylev.com.ua//knyga-lyube-moye-zyttya

Моя УПА,Любов Загоровська,https://starylev.com.ua//knyga-moyaupa

Шоколадний Kіт і Цукеркова Відьма,Тетяна Стрижевська,https://starylev.com.ua//knyga-sokoladnyy-kit-i-cukerkova-vidma

Цікаві часи,Террі Пратчетт,https://starylev.com.ua//knyga-cikavi-casy

"Путівник світом дорослішання для хлопців: зміни в тілі, емоції та бодіпозитив",Барбара Петрущак,https://starylev.com.ua//knyga-putivnyk-svitom-doroslisannya-dlya-xlopciv-zminy-v-tili-emociyi-ta-bodipozytyv

Емі і Таємний Клуб Супердівчат. Шукачі пригод. Книга 7,Агнєшка Мєлех,https://starylev.com.ua//knyga-emi-i-tayemnyy-klub-superdivcat-sukaci-prygod

"Путівник світом дорослішання для дівчат: зміни в тілі, перші місячні та бодіпозитив",Барбара Петрущак,https://starylev.com.ua//knyga-putivnyk-svitom-doroslisannya-dlya-divcat-zminy-v-tili-persi-misyacni-ta-bodipozytyv

Півник,Зоряна Живка,https://starylev.com.ua//knyga-pivnyk

Щоденники нейрохірурга,Генрі Марш,https://starylev.com.ua//knyga-shhodennyky-neyroxirurga

Чому ми спимо. Користаємо з усіх можливостей сну та сновидінь,Метью Вокер,https://starylev.com.ua//knyga-comu-my-spymo-korystayemo-z-usix-mozlyvostey-snu-ta-snovydin

Хлопчик Золота Рибка,Ліза Томпсон,https://starylev.com.ua//knyga-xlopcyk-zolota-rybka

Муся і Різдво,Галина Кирпа,https://starylev.com.ua//knyga-musya-i-rizdvo

Коти і кішки й маленька мишка,Вікторія Солтис-Доан,https://starylev.com.ua//knyga-koty-i-kisky-y-malenka-myska

Примари Чорної діброви,Андрій Бачинський,https://starylev.com.ua//knyga-prymary-cornoyi-dibrovy

Закладка,Дмитро Лазуткін,https://starylev.com.ua//knyga-zakladka

У розрідженому повітрі,Джон Кракауер,https://starylev.com.ua//knyga-u-rozridzenomu-povitri

Забуття,Таня Малярчук,https://starylev.com.ua//zabuttya

"Війна 2022: щоденники, есеї, поезія",,https://starylev.com.ua//knyga-viyna-2022

Залізницею додому,Мар'яна Савка,https://starylev.com.ua//knyga-zaliznyceyu-dodomu

"Історії про життя, смерть і нейрохірургію",Генрі Марш,https://starylev.com.ua//knyga-istoriyi-pro-zyttya-smert-i-neyroxirurgiyu-2022

Скарбничка історій,Володимир Аренєв,https://starylev.com.ua//knyga-skarbnycka-istoriy

Рідна мова для небайдужих: 2 клас. Частина 4,Уляна Добріка,https://starylev.com.ua//knyga-ridna-mova-dlya-nebayduzyx-2-klas-castyna-4

"Ми з України. Історії про людей, якими захоплюється світ",Уляна Скицька,https://starylev.com.ua//knyga-my-z-ukrayiny

Розповідь про Україну. Гімн слави та свободи,Майкл Семпсон,https://starylev.com.ua//knyga-rozpovid-pro-ukrayinu-gimn-slavy-ta-svobody

Рідна мова для небайдужих: 2 клас. Частина 3,Уляна Добріка,https://starylev.com.ua//knyga-ridna-mova-dlya-nebayduzyx-2-klas-castyna-3

Рідна мова для небайдужих: 2 клас. Частина 2,Уляна Добріка,https://starylev.com.ua//knyga-ridna-mova-dlya-nebayduzyx-2-klas-castyna-2

Рідна мова для небайдужих: 2 клас. Частина 1,Уляна Добріка,https://starylev.com.ua//knyga-ridna-mova-dlya-nebayduzyx-2-klas-castyna-1

Букварик для небайдужих: 1 клас. Додаток,Уляна Добріка,https://starylev.com.ua//knyga-bukvaryk-dlya-nebayduzyx-1-klas-dodatok

Букварик для небайдужих: 1 клас. Частина 3,Уляна Добріка,https://starylev.com.ua//knyga-bukvaryk-dlya-nebayduzyx-1-klas-castyna-3

Букварик для небайдужих: 1 клас. Частина 2,Уляна Добріка,https://starylev.com.ua//knyga-bukvaryk-dlya-nebayduzyx-1-klas-castyna-2

Вересова міль,Оксана Була,https://starylev.com.ua//knyga-veresova-mil

Жовтий метелик,Олександр Шатохін,https://starylev.com.ua//knyga-zovtyy-metelyk

Толлак Інґеборґи,Туре Ренберґ,https://starylev.com.ua//knyga-tollak-ingeborgy

Один день у Стародавньому Єгипті,Джакопо Олів’єрі,https://starylev.com.ua//knyga-odyn-den-u-starodavnyomu-yegypti

Знаменита фабрика слів,Аньєс де Лєстрад,https://starylev.com.ua//knyga-znamenyta-fabryka-sliv

Ключі сили,Світлана Ройз,https://starylev.com.ua//knyga-klyuci-syly

Коко 2.0. Книга 2,Дорж Бату,https://starylev.com.ua//knyga-koko-20

Кухня Карпат. Від простої їжі до делікатесів,Сергій Пожар,https://starylev.com.ua//knyga-kuxnya-karpat-vid-prostoyi-yizi-do-delikatesiv

Злюще цапище,Володимир Рутківський,https://starylev.com.ua//knyga-zlyushhe-capyshhe

Світло далекої зірки,Аманда Лі Коу,https://starylev.com.ua//knyga-svitlo-dalekoyi-zirky

Зараз щось як розкажу! Весела книжка чудес та історій,Слава Світова,https://starylev.com.ua//knyga-zaraz-shhos-yak-rozkazu-vesela-knyzka-cudes-ta-istoriy

Несподіване кіно,Наталія Ясіновська,https://starylev.com.ua//knyga-nespodivane-kino

Стінк і неймовірний супергалактичний льодяник. Книга 2,Меґан МакДоналд,https://starylev.com.ua//knyga-stink-i-neymovirnyy-supergalaktycnyy-lyodyanyk

Супердетектив Тім і команда. Таємниця зниклого діаманта. Книга 1,Клаус Гаґеруп,https://starylev.com.ua//knyga-superdetektyv-tim-i-komanda-tayemnycya-znyklogo-diamanta

Роберто і (не)наречені,Лоредана Фрескура,https://starylev.com.ua//knyga-roberto-i-nenareceni

Вовкулаченя Дольфі і повний місяць. Книга 2,Паул ван Лоон,https://starylev.com.ua//knyga-vovkulacenya-dolfi-i-povnyy-misyac

"Хлопчик, який жив з драконами. Книга 2",Енді Шепард,https://starylev.com.ua//knyga-xlopcyk-yakyy-zyv-z-drakonamy

Наші приховані дари,Керолайн О'Доног'ю,https://starylev.com.ua//knyga-nasi-pryxovani-dary

Абрикоси зацвітають уночі,Оля Русіна,https://starylev.com.ua//knyga-abrykosy-zacvitayut-unoci

7 звичок високоефективного шлюбу,Стівен Р. Кові,https://starylev.com.ua//knyga-7-zvycok-vysokoefektyvnogo-slyubu

Джуді Муді та королівське чаювання. Книга 14,Меґан МакДоналд,https://starylev.com.ua//knyga-dzudi-mudi-ta-korolivske-cayuvannya

Кульбаба,Квітка Налада,https://starylev.com.ua//knyga-kulbaba

Емі і Таємний Клуб Супердівчат. Сніговий патруль. Книга 6,Агнєшка Мєлех,https://starylev.com.ua//knyga-emi-i-tayemnyy-klub-superdivcat-snigovyy-patrul

Надзвичайний Норман,Том Персіваль,https://starylev.com.ua//knyga-nadzvycaynyy-norman

Парфумерний щоденник Зої,Олександра Орлова,https://starylev.com.ua//knyga-parfumernyy-shhodennyk-zoyi

"Місія ""Порятунок"": бджоли",Євгенія Завалій,https://starylev.com.ua//knyga-misiya-poryatunok-bdzoly

"Де ж ти дівся, світе мій прекрасний?",Саллі Руні,https://starylev.com.ua//knyga-de-z-ty-divsya-svite-miy-prekrasnyy

"Стань лікарем на 24 години! Хутко, на тебе чекають пацієнти!",Паскаль Прево,https://starylev.com.ua//knyga-stan-likarem-na-24-godyny

Стражниця Сонця,Мая Люнде,https://starylev.com.ua//knyga-straznycya-soncya

Кобилянська від А до Я,Світлана Кирилюк,https://starylev.com.ua//knyga-kobylyanska-vid-a-do-ya

Страшні дівчата,Ліса Б'єрбу,https://starylev.com.ua//knyga-strasni-divcata

Лінія термінатора,Тетяна Стрижевська,https://starylev.com.ua//knyga-liniya-terminatora

Суворі чоловіки,Елізабет Ґілберт,https://starylev.com.ua//knyga-suvori-coloviky

Обери мене,Кейт Стейман-Лондон,https://starylev.com.ua//knyga-obery-mene

Останні дівчата,Райлі Сейґер,https://starylev.com.ua//knyga-ostanni-divcata

Вовкулаченя Дольфі. Книга 1,Паул ван Лоон,https://starylev.com.ua//knyga-vovkulacenya-dolfi

Сніговий тепл,Катерина Бабкіна,https://starylev.com.ua//knyga-snigovyy-tepl

Заручники душі,Жанна Бенамер,https://starylev.com.ua//knyga-zarucnyky-dusi

7 звичок щасливих дітей,Шон Кові,https://starylev.com.ua//knyga-7-zvycok-shhaslyvyx-ditey

Поштар,Катерина Сад,https://starylev.com.ua//knyga-postar

Коротка історія мистецтва,С’юзі Годж,https://starylev.com.ua//knyga-korotka-istoriya-mystectva

"Школа скаутингу. Все, що треба знати для пригод просто неба",Джекі Бейлі,https://starylev.com.ua//knyga-skola-skautyngu

Клуб червоних кедів. Світ — наш! Книга 6,Ана Пунсет,https://starylev.com.ua//knyga-klub-cervonyx-kediv-svit-nas

Знову й знову,Бен Елтон,https://starylev.com.ua//knyga-znovu-y-znovu

Талант: інструкція з використання,,https://starylev.com.ua//knyga-talant-instrukciya-z-vykorystannya

Ґвара,,https://starylev.com.ua//knyga-gvara

П'єр і місто лабіринтів. Таємниця повітряного замку. Книга 3,Чіхіро Маруяма,https://starylev.com.ua//knyga-pyer-i-misto-labiryntiv-tayemnycya-povitryanogo-zamku

Три чоловіки для Вільми,Ґюдрун Скреттінґ,https://starylev.com.ua//knyga-try-coloviky-dlya-vilmy

Мене звати Варвара,Дзвінка Матіяш,https://starylev.com.ua//knyga-mene-zvaty-varvara

300 миль на схід,Богдан Коломійчук,https://starylev.com.ua//knyga-300-myl-na-sxid

Вибухова історія людства. Як хімія стає зброєю,Юля Смаль,https://starylev.com.ua//knyga-vybuxova-istoriya-lyudstva

Стінк: неймовірний хлопчик-коротунчик. Книга 1,Меґан МакДоналд,https://starylev.com.ua//knyga-stink

Нові казки Старого Лева,Галина Вдовиченко,https://starylev.com.ua//knyga-novi-kazky-starogo-leva

Різдвозавр та список Нечемнюхів. Книга 3,Том Флетчер,https://starylev.com.ua//knyga-rizdvozavr-ta-spysok-necemnyuxiv

"Яґґер, Яґґер",Фріда Нільсон,https://starylev.com.ua//knyga-yagger-yagger

Список запрошених,Люсі Фолі,https://starylev.com.ua//knyga-spysok-zaprosenyx

Пан Ніхто,Ігор Калинець,https://starylev.com.ua//knyga-pan-nixto

"Родріго Розбийголова та Малюк, його зброєносець",Міхаель Енде,https://starylev.com.ua//kniga-rodrigo-rozbiigolova-ta-malyuk-iogo-zbroyenosec

"Коротка історія фотографії. Ключові жанри, роботи, теми і техніки",Іан Гейдн Сміт,https://starylev.com.ua//kniga-korotka-istoriya-fotografiyi

Емі і Таємний Клуб Супердівчат. Свята наближаються!,Агнєшка Мєлех,https://starylev.com.ua//kniga-emi-i-tayemnii-klub-superdivcat-svyata-nablizayutsya

Олівія і два її життя,Лінде Гайді,https://starylev.com.ua//kniga-oliviya-i-dva-yiyi-zittya

Італійські страви з Джеймі Олівером,Джеймі Олівер,https://starylev.com.ua//kniga-italiiski-stravi-z-dzeimi-oliverom

Поцілунок у Нью-Йорку,Кетрін Райдер,https://starylev.com.ua//kniga-pocilunok-u-nyu-iorku

"Хлопчик, який вирощував драконів. Книга 1",Енді Шепард,https://starylev.com.ua//kniga-xlopcik-yakii-viroshhuvav-drakoniv

Єнотик Бо і дивний-дивний сніг. Книга 2,Ірина Лазуткіна,https://starylev.com.ua//kniga-yenotik-bo-i-divnii-divnii-snig

Найсамотніший кит у світі,Кім Крабел,https://starylev.com.ua//kniga-naisamotnisii-kit-u-sviti

Склади своїх єдинорогів,Федеріка Маґрін,https://starylev.com.ua//kniga-skladi-svoyix-yedinorogiv

Забави для мозку,Беатріче Тінареллі,https://starylev.com.ua//kniga-zabavi-dlya-mozku

Яків і мокрий вечір,Катерина Міхаліцина,https://starylev.com.ua//kniga-yakiv-i-mokrii-vecir

Таємниця Життя та смерті,Світлана Ройз,https://starylev.com.ua//kniga-tayemnicya-zittya-ta-smerti

"Радуйся, жінко!",Мар'яна Савка,https://starylev.com.ua//kniga-raduisya-zinko

Кримський інжир. Чаїр,,https://starylev.com.ua//kniga-krimskii-inzir-cayir

Чи є в бабуїна бабуся?,Мар'яна Савка,https://starylev.com.ua//kniga-ci-ye-v-babuyina-babusya

Джуді Муді та список бажань. Книга 13,Меґан МакДоналд,https://starylev.com.ua//kniga-dzudi-mudi-ta-spisok-bazan

Афини,Власта Власенко,https://starylev.com.ua//kniga-afini

Одновітрильний дім,Василь Махно,https://starylev.com.ua//kniga-odnovitrilnii-dim

"Аліса Андерсен і все, чого ти не знаєш (і добре). Книга 3",Турюн Ліан,https://starylev.com.ua//kniga-alisa-andersen-i-vse-cogo-ti-ne-znayes-i-dobre

Загадка 622 номера,Жоель Діккер,https://starylev.com.ua//kniga-zagadka-622-nomera

Клара і Сонце,Кадзуо Ішіґуро,https://starylev.com.ua//kniga-klara-i-sonce

Хвостаті друзі,Ана Гальйо,https://starylev.com.ua//kniga-xvostati-druzi

Селфі в Парижі,Катерина Бабкіна,https://starylev.com.ua//kniga-selfi-v-parizi

Сніги Кіліманджаро,Ернест Гемінґвей,https://starylev.com.ua//snigi-kilimandzaro

Осінні віршики,,https://starylev.com.ua//osinni-virshyky

Ґарґантіс. Книга 2,Томас Тейлор,https://starylev.com.ua//gargantis

Ел і Ева,Надія Біла,https://starylev.com.ua//el-i-eva

Світ у вулкані. Дощ-убивця. Книга 2,Ольга Максимчук,https://starylev.com.ua//svit-u-vulkani-doshch-ubyvcya

Ловець пластику та інші професії майбутнього,Карло Канепа,https://starylev.com.ua//lovec-plastyku-ta-inshi-profesiyi-maybutnogo

Кактус,Сара Гейвуд,https://starylev.com.ua//kaktus

Ідеальна незнайомка,Меґан Міранда,https://starylev.com.ua//idealna-neznayomka

Клуб червоних кедів. Неймовірний тиждень. Книга 5,Ана Пунсет,https://starylev.com.ua//klub-chervonyh-kediv-neymovirnyy-tyzhden

Розмови з друзями,Саллі Руні,https://starylev.com.ua//rozmovy-z-druzyamy

Нові кавові правила,Джордан Майклмен,https://starylev.com.ua//novi-kavovi-pravyla

Кохання. Життя і смерть з Біллом Евансом,Лорі Верхомин,https://starylev.com.ua//kohannya-zhyttya-i-smert-z-billom-evansom

"Wine Folly. Усе, що треба знати про вино",Джастін Геммек,https://starylev.com.ua//wine-folly-use-shcho-treba-znaty-pro-vyno

"Підкори свою кухню. Рецепти, що додають сил і натхнення",Енн Баррел,https://starylev.com.ua//pidkory-svoyu-kuhnyu-recepty-shcho-dodayut-syl-i-nathnennya

Смак пива,Ренді Мошер,https://starylev.com.ua//smak-pyva

Готуємо з Джеймі,Джеймі Олівер,https://starylev.com.ua//gotuyemo-z-dzheymi

Як збудувати дім,Мартін Содомка,https://starylev.com.ua//yak-zbuduvati-dim

Мессі,Балаґе Ґільєм,https://starylev.com.ua//messi

Роналду,Балаґе Ґільєм,https://starylev.com.ua//ronaldu

Закохані в книжки не сплять на самоті,Аньєс Мартен-Люган,https://starylev.com.ua//zakohani-v-knyzhky-ne-splyat-naodynci

Дім у Бейтінґ Голлов,Василь Махно,https://starylev.com.ua//dim-u-beyting-gollov

Це Ван Гог,Джордж Роддам,https://starylev.com.ua//ce-van-gog

Нічні купання в серпні,Сергій Осока,https://starylev.com.ua//nichni-kupannya-v-serpni

Лісові звірі. Forest animals,Олена Забара,https://starylev.com.ua//lisovi-zviri

Ракета на чотирьох лапах під прикриттям. Книга 4,Джеремі Стронґ,https://starylev.com.ua//raketa-na-chotyroh-lapah-pid-prykryttyam

Казка про Старого Лева,Мар'яна Савка,https://starylev.com.ua//kazka-pro-starogo-leva

Канікули з близнятами,Джеремі Стронґ,https://starylev.com.ua//kanikuly-z-blyznyatamy

"501 факт, який треба знати з... історії",Елісон Реттл,https://starylev.com.ua//501-fakt-yakyy-treba-znaty-z-istoriyi

Містраль,Анджела Нанетті,https://starylev.com.ua//mistral

Країна Мумі-тролів. Книга 2,Туве Янссон,https://starylev.com.ua//krayina-mumi-troliv-knyga-druga

Джуді Муді проголошує незалежність. Книга 6,Меґан МакДоналд,https://starylev.com.ua//dzhudi-mudi-progoloshuye-nezalezhnist

Різдвяна історія,Чарльз Діккенс,https://starylev.com.ua//rizdvyana-istoriya

Природа всіх речей,Елізабет Ґілберт,https://starylev.com.ua//pryroda-vsih-rechey

Джуді Муді навколо світу за 8 1/2 днів. Книга 7,Меґан МакДоналд,https://starylev.com.ua//dzhudi-mudi-navkolo-svitu-za-8-12-dniv

Наше малятко,Ірина Мацко,https://starylev.com.ua//nashe-malyatko

Кімнатні пірати,Джеремі Стронґ,https://starylev.com.ua//kimnatni-piraty

Все починається в 13,Валентин Бердт,https://starylev.com.ua//vse-pochynayetsya-v-13

Подарунок від святого Миколая,Дзвінка Матіяш,https://starylev.com.ua//podarunok-vid-svyatogo-mykolaya

Прокрастинація,Джейн Б. Бурка,https://starylev.com.ua//prokrastynaciya

Різдво Джоанни,Джоанна Басфорд,https://starylev.com.ua//rizdvo-dzhoanny

Мистецтво війни,Сунь-дзи,https://starylev.com.ua//mystectvo-viyny

Східно-західна вулиця,Філіп Сендс,https://starylev.com.ua//shidno-zahidna-vulycya-povernennya-do-lvova

Мишачий дім Сема і Джулії. Книга 1,Каріна Схапман,https://starylev.com.ua//myshachyy-dim-sema-i-dzhuliyi

Улюблені машинки,Олена Забара,https://starylev.com.ua//ulyubleni-mashynky

Передбачувана ірраціональність,Ден Аріелі,https://starylev.com.ua//peredbachuvana-irracionalnist

Джуді Муді стає знаменитою. Книга 2,Меґан МакДоналд,https://starylev.com.ua//dzhudi-mudi-staye-znamenytoyu

Суперкруті догралися. Книга 2,А. Аудгільд Сульберґ,https://starylev.com.ua//superkruti-dogralysya

Рік у лісі,Емілія Дзюбак,https://starylev.com.ua//rik-u-lisi

"Хрестоматія сучасної української дитячої літератури для читання в 3,4 класах",,https://starylev.com.ua//hrestomatiya-suchasnoyi-ukrayinskoyi-dytyachoyi-literatury-dlya-chytannya-v-34-klasah

П'єр і місто лабіринтів. У пошуках викраденого Каменя. Книга 1,Чіхіро Маруяма,https://starylev.com.ua//pyer-i-misto-labiryntiv-u-poshukah-vykradenogo-kamenya

Однакові чи різні? Геноміка,Моніка Берґна,https://starylev.com.ua//odnakovi-chy-rizni-genomika

Артерія,Дмитро Лазуткін,https://starylev.com.ua//arteriya

Копаний м'яч,Денис Мандзюк,https://starylev.com.ua//kopanyy-myach-korotka-istoriya-ukrainskogo-futbolu-v-galychyni-1909-1944

Джуді Муді рятує світ. Книга 3,Меґан МакДоналд,https://starylev.com.ua//dzhudi-mudi-ryatuye-svit

Закоханий Сплет,Роб Скоттон,https://starylev.com.ua//zakohanyy-splet

Улюблені машинки 2,Олена Забара,https://starylev.com.ua//ulyubleni-mashynky-2

Старий і море,Ернест Гемінґвей,https://starylev.com.ua//staryy-i-more

Комплект двомовних картонок для найменших,Олена Забара,https://starylev.com.ua//komplekt-dvomovnyh-kartonok-dlya-naymenshyh

Джуді Муді віщує майбутнє. Книга 4,Меґан МакДоналд,https://starylev.com.ua//dzhudi-mudi-vishchuye-maybutnye

Вірші Феліцити,Оксана Луцишина,https://starylev.com.ua//virshi-felicyty

Як змайструвати автомобіль,Мартін Содомка,https://starylev.com.ua//yak-zmaystruvaty-avtomobil

"Привіт, це я! Книга 1",Ніна Елізабет Ґрьонтведт,https://starylev.com.ua//pryvit-ce-ya

Епоха динозаврів,Стівен Брусатті,https://starylev.com.ua//epoha-dynozavriv

Доставка щастя,Тоні Шей,https://starylev.com.ua//dostavka-shchastya-shlyah-do-prybutku-zadovolennya-i-mriyi

Як детектив Носик здивував Нові Липки,Мар'ян Орлонь,https://starylev.com.ua//yak-detektyv-nosyk-zdyvuvav-novi-lypky

Джордж і Великий вибух. Книга 3,Люсі Гокінґ,https://starylev.com.ua//dzhordzh-i-velykyy-vybuh

Перше Різдво,Дзвінка Матіяш,https://starylev.com.ua//pershe-rizdvo

Лист до Миколая,Юля Смаль,https://starylev.com.ua//lyst-do-mykolaya

На подвір’ї. In the yard,Олена Забара,https://starylev.com.ua//na-podviryi

Львів - місто натхнення. Література,,https://starylev.com.ua//lviv-misto-shcho-nadyhaye-literatura

Карти,Олександра та Даніель Мізелінські,https://starylev.com.ua//karty

П'єр і місто лабіринтів. Таємниця Емпайр Мейз Тауер. Книга 2,Чіхіро Маруяма,https://starylev.com.ua//pyer-i-misto-labiryntiv-tayemnycya-empayr-meyz-tauer

Як змайструвати літак,Мартін Содомка,https://starylev.com.ua//yak-zmaystruvaty-litak

Птахи. Birds,Олена Забара,https://starylev.com.ua//ptahy

Опікуни для жирафа,Оксана Лущевська,https://starylev.com.ua//opikuny-dlya-zhyrafa

Ловець повітряних зміїв,Халед Госсейні,https://starylev.com.ua//lovec-povitryanyh-zmiyiv

Право на чари,Террі Пратчетт,https://starylev.com.ua//pravo-na-chary

Дитячий кобзар,Тарас Шевченко,https://starylev.com.ua//dytyachyy-kobzar

Мануель і Діді. Друга велика книга маленьких мишачих пригод. Книга 2,Ервін Мозер,https://starylev.com.ua//manuel-i-didi-druga-velyka-knyga-malenkyh-myshachyh-prygod

Детективи з Артеку. Таємниці Кам’яних Могил. Книга 2,Андрій Бачинський,https://starylev.com.ua//detektyvy-z-arteku-tayemnyci-kamyanyh-mogyl

Гармидер у школі,Джеремі Стронґ,https://starylev.com.ua//garmyder-u-shkoli

"Голосно, тихо, пошепки",Романишин Романа і Лесів Андрій,https://starylev.com.ua//golosno-tyho-poshepky

Проект щастя,Ґретхен Рубін,https://starylev.com.ua//proekt-shchastya

Дівчина онлайн у турне. Книга 2,Зої Заґґ,https://starylev.com.ua//divchyna-onlayn-u-turne

Сніговірші для малят,,https://starylev.com.ua//snigovirshi-dlya-malyat

У джунглях і савані. In the jungle and savanna,Олена Забара,https://starylev.com.ua//u-dzhunglyah-i-savani

У світлі світляків. На порозі ночі. Книга 1,Ольга Войтенко,https://starylev.com.ua//u-svitli-svitlyakiv-na-porozi-nochi

Джордж і корабель часу. Книга 6,Люсі Гокінґ,https://starylev.com.ua//dzhordzh-i-korabel-chasu

Як прокласти залізницю,Мартін Содомка,https://starylev.com.ua//yak-proklasty-zaliznycyu

"Війна, що змінила Рондо",Романишин Романа і Лесів Андрій,https://starylev.com.ua//viyna-shcho-zminyla-rondo

Джуді Муді. Книга 1,Меґан МакДоналд,https://starylev.com.ua//dzhudi-mudi

Ясь та його машинки,Катерина Міхаліцина,https://starylev.com.ua//yas-ta-yogo-mashynky

Суперліто. Книга 3,Ніна Елізабет Ґрьонтведт,https://starylev.com.ua//superlito

Забагато моркви,Кеті Гадсон,https://starylev.com.ua//zabagato-morkvy

Руки розбійника,Фінн-Олє Гайнріх,https://starylev.com.ua//ruky-rozbiynyka

Хвоя,Павло Коробчук,https://starylev.com.ua//hvoya

Ведмідь не хоче спати,Оксана Була,https://starylev.com.ua//vedmid-ne-hoche-spaty

Щоденник настрою від Джуді Муді,Меґан МакДоналд,https://starylev.com.ua//shchodennyk-nastroyu-vid-dzhudi-mudi

"Місія ""Порятунок"": ведмеді",Євгенія Завалій,https://starylev.com.ua//misiya-poryatunok-vedmedi

Мандрівний замок Хаула,Діана Вінн Джонс,https://starylev.com.ua//mandrivnyy-zamok-haula

Мануель і Діді. Велика книга маленьких мишачих пригод. Книга 1,Ервін Мозер,https://starylev.com.ua//manuel-i-didi

Абсолютно нецілована. Книга 2,Ніна Елізабет Ґрьонтведт,https://starylev.com.ua//absolyutno-necilovana

Поштова лихоманка,Террі Пратчетт,https://starylev.com.ua//poshtova-lyhomanka

Кіра й таємниця бублика. Книга 2,Бодо Шефер,https://starylev.com.ua//kira-y-tayemnycya-bublyka

Шлях до фінансової свободи. Bаш перший мільйон за сім років,Бодо Шефер,https://starylev.com.ua//shlyah-do-finansovoyi-svobody

Пуанти для Анни,Надійка Гербіш,https://starylev.com.ua//puanty-dlya-anny

Щось таке як любов,Зоя Казанжи,https://starylev.com.ua//shchos-take-yak-lyubov

Гра в музей,Наталія Космолінська,https://starylev.com.ua//gra-v-muzey

Переможцю не дістається нічого,Ернест Гемінґвей,https://starylev.com.ua//peremozhcyu-ne-distayetsya-nichogo

Правда про справу Гаррі Квеберта,Жоель Діккер,https://starylev.com.ua//pravda-pro-spravu-garri-kveberta

Американський снайпер,Кріс Кайл,https://starylev.com.ua//amerykanskyy-snayper

Джуді Муді йде до коледжу. Книга 8,Меґан МакДоналд,https://starylev.com.ua//dzhudi-mudi-yde-do-koledzhu

Це Далі,Кетрін Інґрем,https://starylev.com.ua//ce-dali

"Їсти, молитися, кохати",Елізабет Ґілберт,https://starylev.com.ua//yisty-molytysya-kohaty

Білі мухи,Максим Рильський,https://starylev.com.ua//bili-muhy

Книга Балтиморів,Жоель Діккер,https://starylev.com.ua//knyga-baltymoriv

Одного разу на Різдво,Надійка Гербіш,https://starylev.com.ua//odnogo-razu-na-rizdvo

Джордж і таємний ключ до Всесвіту. Книга 1,Люсі Гокінґ,https://starylev.com.ua//dzhordzh-i-tayemnyy-klyuch-do-vsesvitu

Дівчина онлайн. Книга 1,Зої Заґґ,https://starylev.com.ua//divchyna-onlayn

Зимовий король,Остап Сливинський,https://starylev.com.ua//zymovyy-korol

Хто росте в саду,Катерина Міхаліцина,https://starylev.com.ua//hto-roste-v-sadu

Колір магії,Террі Пратчетт,https://starylev.com.ua//kolir-magiyi

Хто зробить сніг,Тарас Прохасько,https://starylev.com.ua//hto-zrobyt-snig

Ернест Гемінґвей. Артефакти з життя,Майкл Катакіс,https://starylev.com.ua//ernest-gemingvey-artefakty-z-zhyttya

Книга мого роду (бордова),Ірина Мацко,https://starylev.com.ua//knyga-mogo-rodu-bordova

Мій тато і зелений алігатор,Джеремі Стронґ,https://starylev.com.ua//miy-tato-i-zelenyy-aligator

Вікінг у моєму ліжку,Джеремі Стронґ,https://starylev.com.ua//viking-u-moyemu-lizhku

Розшукується Ракета на чотирьох лапах. Книга 2,Джеремі Стронґ,https://starylev.com.ua//rozshukuyetsya-raketa-na-chotyroh-lapah

"Пес на ім'я Мані, або Абетка грошей. Книга 1",Бодо Шефер,https://starylev.com.ua//pes-na-imya-mani

Е-е-есторії екскаватора Еки,Вікторія Амеліна,https://starylev.com.ua//e-e-estoriyi-ekskavatora-eky

Моя мандрiвка у Країну морпіхів. Із щоденника капелана,Андрій Зелінський,https://starylev.com.ua//moya-mandrivka-u-krayinu-morpihiv-iz-shchodennyka-kapelana

Мирослава та інші з нашого двору,Ольга Купріян,https://starylev.com.ua//myroslava-ta-inshi-z-nashogo-dvoru

Дивовтеча,Дженніфер Белл,https://starylev.com.ua//dyvovtecha

"У світлі світляків. Там, де тиша. Книга 3",Ольга Войтенко,https://starylev.com.ua//u-svitli-svitlyakiv-tam-de-tysha

Дарую братика за підписку. Твій інстащоденник,Саша Кочубей,https://starylev.com.ua//daruyu-bratyka-za-pidpysku-tviy-instashchodennyk

Рухомі картинки,Террі Пратчетт,https://starylev.com.ua//kniga-ruxomi-kartinki

Маскарад,Террі Пратчетт,https://starylev.com.ua//kniga-maskarad

Джинґо,Террі Пратчетт,https://starylev.com.ua//dzingo

Піраміди,Террі Пратчетт,https://starylev.com.ua//kniga-piramidi

Повен неба капелюх,Террі Пратчетт,https://starylev.com.ua//poven-neba-kapelyuh

Мій друг засумував,Мо Віллемс,https://starylev.com.ua//miy-drug-zasumuvav

"Айвенко, або Чоловіки — це...",Людмила Таран,https://starylev.com.ua//ayvenko-abo-choloviky-ce

Mindfuck. Як позбутися бар’єрів у своїй голові,Петра Бок,https://starylev.com.ua//mindfuck-yak-pozbutysya-baryeriv-u-svoyiy-golovi

Дама з долини. Книга 3,Кетіль Бйорнстад,https://starylev.com.ua//dama-z-dolyny

Добре бути ірраціональними,Ден Аріелі,https://starylev.com.ua//dobre-buty-irracionalnymy

Здолай булінг разом із героями казок,Елеонора Форнасарі,https://starylev.com.ua//zdolay-buling-razom-iz-geroyamy-kazok

Це Караваджо,Аннабель Говард,https://starylev.com.ua//ce-karavadzho

"Вибачте, на мене чекають",Аньєс Мартен-Люган,https://starylev.com.ua//vybachte-na-mene-chekayut

"Хто там, за дверима?",Аґнес Баруцці,https://starylev.com.ua//hto-tam-za-dveryma

Догори дриґом. Монстрики,Аґнес Баруцці,https://starylev.com.ua//dogory-drygom-monstryky

Книга бармена. Основи приготування коктейлів,Марта Голмберг,https://starylev.com.ua//knyga-barmena-osnovy-prygotuvannya-kokteyliv

Таємниця старого Лами,Дорж Бату,https://starylev.com.ua//tayemnycya-starogo-lamy

Найщасливіше левеня,Олександр Шатохін,https://starylev.com.ua//nayshchaslyvishe-levenya

Емоції Ґастона. Я сумую,Шін Орелі Ш'єн Шо,https://starylev.com.ua//emociyi-gastona-ya-sumuyu

Емоції Ґастона. Я шаленію,Шін Орелі Ш'єн Шо,https://starylev.com.ua//emociyi-gastona-ya-shaleniyu

Залізна вода,Мирослав Лаюк,https://starylev.com.ua//zalizna-voda

Я люблю йогу!,Езґі Берк,https://starylev.com.ua//ya-lyublyu-yogu

36 і 6 котів-рятувальників. Книга 4,Галина Вдовиченко,https://starylev.com.ua//36-i-6-kotiv-ryatuvalnykiv

Емі і Таємний Клуб Супердівчат. Коні й лошата. Книга 5,Агнєшка Мєлех,https://starylev.com.ua//emi-i-tayemnyy-klub-superdivchat-koni-y-loshata

Склади своїх динозаврів,Федеріка Маґрін,https://starylev.com.ua//sklady-svoyih-dynozavriv

Емоції Ґастона. Я боюся,Шін Орелі Ш'єн Шо,https://starylev.com.ua//emociyi-gastona-ya-boyusya

Емоції Ґастона. Я радію,Шін Орелі Ш'єн Шо,https://starylev.com.ua//emociyi-gastona-ya-radiyu

Великодня історія,Наталка Малетич,https://starylev.com.ua//velykodnya-istoriya

Емі і Таємний Клуб Супердівчат. Слідство під час канікул. Книга 4,Агнєшка Мєлех,https://starylev.com.ua//emi-i-tayemnyy-klub-superdivchat-slidstvo-pid-chas-kanikul

Незвичайна дружба у світі рослин і тварин,Емілія Дзюбак,https://starylev.com.ua//nezvychayna-druzhba-u-sviti-roslyn-i-tvaryn

Я не твоя мама,Маріанна Дюбюк,https://starylev.com.ua//ya-ne-tvoya-mama

Життя деінде,Мілан Кундера,https://starylev.com.ua//zhyttya-deinde

"Там, де падають Ангели",Дорота Тераковська,https://starylev.com.ua//tam-de-padayut-angely

Бентежні,Лінн Ульман,https://starylev.com.ua//bentezhni

Слідопитенята,Катерина Міхаліцина,https://starylev.com.ua//slidopytenyata

Спитайте Мієчку,Євгенія Кузнєцова,https://starylev.com.ua//spytayte-miyechku

«Світлий Шлях»: історія одного концтабору,Станіслав Асєєв,https://starylev.com.ua//svitlyy-shlyah-istoriya-odnogo-konctaboru

Пришвидшений курс Python,Ерік Маттес,https://starylev.com.ua//pryshvydshenyy-kurs-python

"Я бачив його живим, мертвим і знову живим",Валерій Пузік,https://starylev.com.ua//ya-bachyv-yogo-zhyvym-mertvym-i-znovu-zhyvym

Коли сніг пахне мандаринками,Дорж Бату,https://starylev.com.ua//koly-snig-pahne-mandarynkamy

Гучна зимова сплячка,Кеті Гадсон,https://starylev.com.ua//guchna-zymova-splyachka

Дівчина Онлайн: соло. Книга 3,Зої Заґґ,https://starylev.com.ua//divchyna-onlayn-solo

Лексикон націоналіста та інші есеї,Микола Рябчук,https://starylev.com.ua//leksykon-nacionalista-ta-inshi-eseyi

Малюк Санта,Джонатан Стуцмен,https://starylev.com.ua//malyuk-santa

Таке різне Різдво,,https://starylev.com.ua//take-rizne-rizdvo

Друзі вовчика,Ільмар Тумаск,https://starylev.com.ua//druzi-vovchyka

Ruby для дітей. Магічний вступ до програмування,Ерік Вайнштейн,https://starylev.com.ua//ruby-dlya-ditey

Вулиці. Прогулянка по наймальовничіших вулицях світу,Мія Кассані,https://starylev.com.ua//vulyci-progulyanka-po-naymalovnychishyh-vulycyah-svitu

Вільні малолюдці,Террі Пратчетт,https://starylev.com.ua//vilni-malolyudci

Аліса Андерсен не плаває. Книга 2,Турюн Ліан,https://starylev.com.ua//alisa-andersen-ne-plavaye

Хроніка одного голодування. 4 з половиною кроки,Олег Сенцов,https://starylev.com.ua//hronika-odnogo-goloduvannya-4-z-polovynoyu-kroky

Куди і звідки,Романишин Романа і Лесів Андрій,https://starylev.com.ua//kudy-i-zvidky

Карти. Нові мандрівки,Олександра та Даніель Мізелінські,https://starylev.com.ua//karty-novi-mandrivky

"Ти тут, Боже? Це я, Маргарет",Джуді Блум,https://starylev.com.ua//ty-tut-bozhe-ce-ya-margaret

Світ у вулкані. Срібний і червоний. Книга 1,Ольга Максимчук,https://starylev.com.ua//svit-u-vulkani-sribnyy-i-chervonyy

Мій братик-телезірка летить у космос.Книга 2,Джеремі Стронґ,https://starylev.com.ua//miy-bratyk-telezirka-letyt-u-kosmos

Викрадення! Гаряче літо Ракети на чотирьох лапах. Книга 5,Джеремі Стронґ,https://starylev.com.ua//vykradennya-garyache-lito-rakety-na-chotyroh-lapah

Турецькі пригоди з близнятами. Книга 3,Джеремі Стронґ,https://starylev.com.ua//turecki-prygody-z-blyznyatamy

Порохотяг,Катерина Міхаліцина,https://starylev.com.ua//porohotyag

"Де ти, Діно?",Олександра Орлова,https://starylev.com.ua//de-ty-dino

Клуб червоних кедів. Ми the best! Книга 4,Ана Пунсет,https://starylev.com.ua//klub-chervonyh-kediv-my-best

Емі і Таємний Клуб Супердівчат. На сцені. Книга 3,Агнєшка Мєлех,https://starylev.com.ua//emi-i-tayemnyy-klub-superdivchat-na-sceni

Рахують усі,Крістін Рушіфте,https://starylev.com.ua//rahuyut-usi

Маламандер. Книга 1,Томас Тейлор,https://starylev.com.ua//malamander

Нормальні люди,Саллі Руні,https://starylev.com.ua//normalni-lyudy

Розплєси,Ярина Сенчишин,https://starylev.com.ua//rozplyesy

Три лини для Марії,Сергій Осока,https://starylev.com.ua//try-lyny-dlya-mariyi

Другу також варто придбати,Олег Сенцов,https://starylev.com.ua//drugu-takozh-varto-prydbaty

Емі і Таємний Клуб Супердівчат. Гурток іспанської. Книга 2,Агнєшка Мєлех,https://starylev.com.ua//emi-i-tayemnyy-klub-superdivchat-gurtok-ispanskoyi

"Привид, який не міг заснути",Наталка Малетич,https://starylev.com.ua//pryvyd-yakyy-ne-mig-zasnuty

Клуб червоних кедів. Усе заради мрії. Книга 3,Ана Пунсет,https://starylev.com.ua//klub-chervonyh-kediv-use-zarady-mriyi

Як нагодувати диктатора,Вітольд Шабловський,https://starylev.com.ua//jaknahoduvatydyktatora

"Свято, яке завжди з тобою",Ернест Гемінґвей,https://starylev.com.ua//svyato-yake-zavzhdy-z-toboyu

Бріджит Джонс. На межі здорового глузду. Книга 2,Гелен Філдінґ,https://starylev.com.ua//bridzhyt-dzhons-na-mezhi-zdorovogo-gluzdu

Експрес до Ґаліції,Богдан Коломійчук,https://starylev.com.ua//ekspres-do-galiciyi

Моя подруга з темної матерії,Кирило Безкоровайний,https://starylev.com.ua//moya-podruga-z-temnoyi-materiyi

Моцарт 2.0. Книга 1,Дорж Бату,https://starylev.com.ua//mocart-20

Ерік,Террі Пратчетт,https://starylev.com.ua//erik

Це Маґрітт,Патрішія Аллмер,https://starylev.com.ua//ce-magritt

Ріка. Книга 2,Кетіль Бйорнстад,https://starylev.com.ua//rika

Великий космічний апчих,Слава Світова,https://starylev.com.ua//velykyy-kosmichnyy-apchyh

"Любов, дідусь і помідори",Наталія Ясіновська,https://starylev.com.ua//lyubov-didus-i-pomidory

"Емоціємір інспектора Дила. Розпізнавай, вимірюй та керуй своїми емоціями",Сусанна Ісерн,https://starylev.com.ua//emociyemir-inspektora-dyla-rozpiznavay-vymiryuy-ta-keruy-svoyimy-emociyamy

Розарій,Анна Малігон,https://starylev.com.ua//rozariy

Магнетизм,Петро Яценко,https://starylev.com.ua//magnetyzm

Scratch для дітей. Веселий вступ до програмування,Маджед Марджі,https://starylev.com.ua//scratchdlyaditei

У дикій глушині,Джон Кракауер,https://starylev.com.ua//u-dykiy-glushyni

Обійми мене,Симона Чіраоло,https://starylev.com.ua//obiymy-mene

Емі і Таємний Клуб Супердівчат. Книга 1,Агнєшка Мєлех,https://starylev.com.ua//emi-i-tayemnyy-klub-superdivchat

Різдвяні головоломки,Саймон Тадгоуп,https://starylev.com.ua//rizdvyani-golovolomky

Лев і пташка,Маріанна Дюбюк,https://starylev.com.ua//lev-i-ptashka

Озброєні,Террі Пратчетт,https://starylev.com.ua//ozbroyeni

Різдвозавр та зимова відьма. Книга 2,Том Флетчер,https://starylev.com.ua//rizdvozavr-ta-zymova-vidma

Безсмертя,Мілан Кундера,https://starylev.com.ua//bezsmertya

До краси,Давід Фоекінс,https://starylev.com.ua//do-krasy

Різдво приходить у країну Мумі-тролів,Алекс Гаріді,https://starylev.com.ua//rizdvo-pryhodyt-u-krayinu-mumi-troliv

Таємне життя єдинорогів,Теміса Серафіні,https://starylev.com.ua//tayemne-zhyttya-yedynorogiv

Золотий носоріг,Ганна Яновська,https://starylev.com.ua//zolotyy-nosorig

Вклонитися дереву,Борис Херсонський,https://starylev.com.ua//vklonytysya-derevu

Душевна музика,Террі Пратчетт,https://starylev.com.ua//dushevna-muzyka

Вічний календар,Василь Махно,https://starylev.com.ua//vichnyy-kalendar

Мати і не мати,Ернест Гемінґвей,https://starylev.com.ua//maty-i-ne-maty

Комунікація від нуля. Есеї для Мані,Марія Титаренко,https://starylev.com.ua//komunikaciya-vid-nulya-eseyi-dlya-mani

Найважливіше - наприкінці,Галина Вдовиченко,https://starylev.com.ua//nayvazhlyvishe-naprykinci

Танець недоумка,Ілларіон Павлюк,https://starylev.com.ua//tanec-nedoumka

З Ейнштейном у рюкзаку,Андрій Бачинський,https://starylev.com.ua//z-eynshteynom-u-ryukzaku

Велика книга про Коко і Кірі,Ервін Мозер,https://starylev.com.ua//velyka-knyga-pro-koko-i-kiri

Піратський маршрут,Галина Малик,https://starylev.com.ua//piratskyy-marshrut

Казки дідуся Ґурама для маленьких і великих мрійників,Ґурам Петріашвілі,https://starylev.com.ua//kazky-didusya-gurama-dlya-malenkyh-i-velykyh-mriynykiv

У світлі світляків. Пошуки відправника. Книга 2,Ольга Войтенко,https://starylev.com.ua//u-svitli-svitlyakiv-poshuky-vidpravnyka

Мої запасні життя,Ірина Славінська,https://starylev.com.ua//moyi-zapasni-zhyttya

Яблуня,Людмила Таран,https://starylev.com.ua//yablunya

Порти,Мія Кассані,https://starylev.com.ua//porty

Чесно про (не)чесність,Ден Аріелі,https://starylev.com.ua//chesno-pro-nechesnist

Мія і місячне затемнення,Оля Русіна,https://starylev.com.ua//miya-i-misyachne-zatemnennya

"Гномики. Факти, міфи, нісенітниці",Мацєй Шимановіч,https://starylev.com.ua//gnomyky-fakty-mify-nisenitnyci

Нестерпна легкість буття,Мілан Кундера,https://starylev.com.ua//nesterpna-legkist-buttya

Маркетер,Олег Сенцов,https://starylev.com.ua//marketer

Кольоровi фрукти і ягоди,Олена Забара,https://starylev.com.ua//kolorovi-frukty-i-yagody

Кольорові овочі,Олена Забара,https://starylev.com.ua//kolorovi-ovochi

Заврик i його молодший брат,Мирослав Лаюк,https://starylev.com.ua//zavryk-i-yogo-molodshyy-brat

Зникнення Стефані Мейлер,Жоель Діккер,https://starylev.com.ua//znyknennya-stefani-meyler

"Сем, без проблем",Оксана Лущевська,https://starylev.com.ua//sem-bez-problem

Дмухавка та інші пухнасті вірші,Катерина Міхаліцина,https://starylev.com.ua//dmuhavka-ta-inshi-puhnasti-virshi

Ukraїner. Країна зсередини,Богдан Логвиненко,https://starylev.com.ua//ukrainer

36 і 6 котів-компаньйонів. Книга 3,Галина Вдовиченко,https://starylev.com.ua//36-i-6-kotiv-kompanyoniv

Це Моне,Сара Паппворт,https://starylev.com.ua//ce-mone

Книжка про сміття,Галина Ткачук,https://starylev.com.ua//knyzhka-pro-smittya

Стежачи за текстом. Вибрана критика та есеїстика,Костянтин Москалець,https://starylev.com.ua//stezhachy-za-tekstom-vybrana-krytyka-ta-eseyistyka

Зірка на ім’я Марія. Вибрана проза,Костянтин Москалець,https://starylev.com.ua//zirka-na-imya-mariya-vybrana-proza

Готель «Велика Пруссія»,Богдан Коломійчук,https://starylev.com.ua//gotel-velyka-prussiya

Клуб червоних кедів. Книга 1,Ана Пунсет,https://starylev.com.ua//klub-chervonyh-kediv

Лепрекони,Валентина Захабура,https://starylev.com.ua//leprekony

Жизня,Олег Сенцов,https://starylev.com.ua//zhyznya

Хроніки Південного,Рімантас Кміта,https://starylev.com.ua//hroniky-pivdennogo

Супермегакласна книжка цікавезних завдань від Джуді Муді,Меґан МакДоналд,https://starylev.com.ua//supermegaklasna-knyzhka-cikaveznyh-zavdan-vid-dzhudi-mudi

Супер’їжа на щодень,Джеймі Олівер,https://starylev.com.ua//superyizha-na-shchoden

Забута мелодія,Оксана Сайко,https://starylev.com.ua//zabuta-melodiya

Ключові клапани,Павло Коробчук,https://starylev.com.ua//klyuchovi-klapany

Львівська область: природні умови та ресурси,,https://starylev.com.ua//lvivska-oblast-pryrodni-umovy-ta-resursy

Ракета на чотирьох лапах. Книга 1,Джеремі Стронґ,https://starylev.com.ua//raketa-na-chotyroh-lapah

Країна Мумі-тролів. Книга 3,Туве Янссон,https://starylev.com.ua//krayina-mumi-troliv-knyga-tretya

Країна Мумі-тролів. Книга 1,Туве Янссон,https://starylev.com.ua//krayina-mumi-troliv-knyga-persha

Аліса Андерсен. Принцеса на лаві запасних. Книга 1,Турюн Ліан,https://starylev.com.ua//alisa-andersen-pryncesa-na-lavi-zapasnyh

Ясь та його велика велокар’єра,Катерина Міхаліцина,https://starylev.com.ua//yas-ta-yogo-velyka-velokaryera

Амадока,Софія Андрухович,https://starylev.com.ua//amadoka

Залишок дня,Кадзуо Ішіґуро,https://starylev.com.ua//zalyshok-dnya

Лесеві історії. Експериментуй і дізнавайся,Юля Смаль,https://starylev.com.ua//lesevi-istoriyi-eksperymentuy-i-diznavaysya

День народження ялинки,Оксана Була,https://starylev.com.ua//den-narodzhennya-yalynky

Джуді Муді — марсіянка. Книга 12,Меґан МакДоналд,https://starylev.com.ua//dzhudi-mudi-marsiyanka

Митрополит Андрей Шептицький і принцип «позитивної суми»,Мирослав Маринович,https://starylev.com.ua//mytropolyt-andrey-sheptyckyy-i-pryncyp-pozytyvnoyi-sumy

"Історія, яку розповіла Жука",Грася Олійко,https://starylev.com.ua//istoriya-yaku-rozpovila-zhuka

Різдвозавр. Книга 1,Том Флетчер,https://starylev.com.ua//rizdvozavr

Різдво у лісі,Ульф Старк,https://starylev.com.ua//rizdvo-u-lisi

Джуді Муді й талісман невдачі. Книга 11,Меґан МакДоналд,https://starylev.com.ua//dzhudi-mudi-y-talisman-nevdachi

Джуді Муді й НЕнудне літо. Книга 10,Меґан МакДоналд,https://starylev.com.ua//dzhudi-mudi-y-nenudne-lito

Три Марти,Ірина Савка,https://starylev.com.ua//try-marty

Джуді Муді — детектив. Книга 9,Меґан МакДоналд,https://starylev.com.ua//dzhudi-mudi-detektyv

"Домівка для минулого. Про музеї, історію та мистецтво",Роман Клочко,https://starylev.com.ua//domivka-dlya-mynulogo-pro-muzeyi-istoriyu-ta-mystectvo

Маленькі історії Великих Людей. Леонардо да Вінчі,Ізабель Томас,https://starylev.com.ua//malenki-istoriyi-velykyh-lyudey-leonardo-da-vinchi

Ключ від Позасвіття,Альбін Альвтеґен,https://starylev.com.ua//klyuch-vid-pozasvittya

Хто росте у лісі,Катерина Міхаліцина,https://starylev.com.ua//hto-roste-u-lisi

Загублений острів. Книга репортажів з окупованого Криму,Наталя Гуменюк,https://starylev.com.ua//zagublenyy-ostriv-knyga-reportazhiv-z-okupovanogo-krymu

Вальс на прощання,Мілан Кундера,https://starylev.com.ua//vals-na-proshchannya

Саме час знову запалити зірки,Віржіні Ґрімальді,https://starylev.com.ua//same-chas-znovu-zapalyty-zirky

Світ не створений,Мирослав Лаюк,https://starylev.com.ua//svit-ne-stvorenyy

"501 факт, який треба знати з... географії",Сара Стенб’юрі,https://starylev.com.ua//501-fakt-yakyy-treba-znaty-z-geografiyi

Єнотик Бо і повітряна куля. Книга 1,Ірина Лазуткіна,https://starylev.com.ua//yenotyk-bo-i-povitryana-kulya

"Вгору сходами, що ведуть униз",Бел Кауфман,https://starylev.com.ua//vgoru-shodamy-shcho-vedut-unyz

Клуб червоних кедів. Подруги forever! Книга 2,Ана Пунсет,https://starylev.com.ua//klub-chervonyh-kediv-podrugy-forever

34 сонячні дні і один похмурий,Оля Русіна,https://starylev.com.ua//34-sonyachni-dni-i-odyn-pohmuryy

Іван і Феба,Оксана Луцишина,https://starylev.com.ua//ivan-i-feba

Білий попіл,Ілларіон Павлюк,https://starylev.com.ua//bilyy-popil

Казки під ялинку,,https://starylev.com.ua//kazky-pid-yalynku

Рі(з)дні люди,Тетяна Стус (Щербаченко),https://starylev.com.ua//rizdni-lyudy

"Happy end, попри все?.. Книга 4",Ніна Елізабет Ґрьонтведт,https://starylev.com.ua//happy-end-popry-vse

Пригоди в оргазмотроні,Крістофер Тернер,https://starylev.com.ua//prygody-v-orgazmotroni

MOX NOX,Таня Малярчук,https://starylev.com.ua//mox-nox

Коли були ми...,Любов Загоровська,https://starylev.com.ua//koly-buly-my

Я так бачу,Романишин Романа і Лесів Андрій,https://starylev.com.ua//ya-tak-bachu

JavaScript для дітей. Веселий вступ до програмування,Нік Морґан,https://starylev.com.ua//javascript-dlya-ditey

Народжуватися і помирати взутими,Христина Венгринюк,https://starylev.com.ua//narodzhuvatysya-i-pomyraty-vzutymy

WAKE UP! (Прокидаємось!) або Як перестати жити на автопілоті,Кріс Барез-Браун,https://starylev.com.ua//wake-up

"Іншалла, Мадонно, іншалла",Міленко Єрґович,https://starylev.com.ua//inshalla-madonno-inshalla

Винова гора,Надія Мориквас,https://starylev.com.ua//vynova-gora

Джуді Муді — лікарка. Книга 5,Меґан МакДоналд,https://starylev.com.ua//dzhudi-mudi-likarka

Дім для Дома,Вікторія Амеліна,https://starylev.com.ua//dim-dlya-doma

36 і 6 котів-детективів. Книга 2,Галина Вдовиченко,https://starylev.com.ua//36-i-6-kotiv-detektyviv

PYTHON для дітей. Веселий вступ до програмування,Джейсон Р. Бріґґс,https://starylev.com.ua//python-dlya-ditey

Котохатка,Галина Вдовиченко,https://starylev.com.ua//kotohatka

Компас,Матіас Енар,https://starylev.com.ua//kompas

Мистецтво стратегії,Авінаш Камалакар Діксіт,https://starylev.com.ua//mystectvo-strategiyi

Хто росте у парку,Катерина Міхаліцина,https://starylev.com.ua//hto-roste-u-parku

Це Воргол,Кетрін Інґрем,https://starylev.com.ua//ce-vorgol

Хто проти суперкрутих. Книга 1,А. Аудгільд Сульберґ,https://starylev.com.ua//hto-proty-superkrutyh

Лялечки,Оксана Куценко,https://starylev.com.ua//lyalechky

Їде святий Миколай,Антін Лотоцький,https://starylev.com.ua//yide-svyatyy-mykolay

Психологічна травма та шлях до видужання,Джудіт Герман,https://starylev.com.ua//psyhologichna-travma-ta-shlyah-do-vyduzhannya

140 децибелів тиші,Андрій Бачинський,https://starylev.com.ua//140-decybeliv-tyshi

7 звичок високоефективних підлітків,Шон Кові,https://starylev.com.ua//7-zvychok-vysokoefektyvnyh-pidlitkiv

Шапочка і кит,Катерина Бабкіна,https://starylev.com.ua//shapochka-i-kyt

36 і 6 котів. Книга 1,Галина Вдовиченко,https://starylev.com.ua//36-i-6-kotiv

Мій дідусь був черешнею,Анджела Нанетті,https://starylev.com.ua//miy-didus-buv-chereshneyu

Фелікс Австрія,Софія Андрухович,https://starylev.com.ua//feliks-avstriya-onovlene

Чарівний сад,Джоанна Басфорд,https://starylev.com.ua//charivnyy-sad

Нові пригоди ракети на чотирьох лапах. Книга 3,Джеремі Стронґ,https://starylev.com.ua//novi-prygody-rakety-na-chotyroh-lapah

Супердетектив Тім і команда. Великодня таємниця. Книга 2,Клаус Гаґеруп,https://starylev.com.ua//knyga-superdetektyv-tim-i-komanda-velykodnya-tayemnycya

Склади свої машинки,Роберта Спаньйоло,https://starylev.com.ua//knyga-sklady-svoyi-masynky

"Місія ""Порятунок"": дельфіни",Євгенія Завалій,https://starylev.com.ua//knyga-misiya-poryatunok-delfiny

Бери за горло,Террі Пратчетт,https://starylev.com.ua//knyga-bery-za-gorlo

Часу немає,Рустем Халіл,https://starylev.com.ua//knyga-casu-nemaye

Вовкулаченя Дольфі та Срібнозуб. Книга 3,Паул ван Лоон,https://starylev.com.ua//knyga-vovkulacenya-dolfi-ta-sribnozub

Татусева книга,Володимир Вакуленко,https://starylev.com.ua//tatuseva-knyga

Єврейська архітектурна спадщина Львова,Юрій Бірюльов,https://starylev.com.ua//knyga-yevreyska-arxitekturna-spadshhyna-lvova

Букварик для небайдужих: 1 клас. Частина 1,Уляна Добріка,https://starylev.com.ua//knyga-bukvaryk-dlya-nebayduzyx-1-klas-castyna-1

Метро до Темного Міста,Олена Захарченко,https://starylev.com.ua//knyga-metro-do-temnogo-mista

Таємні дотики,Любомир Стринаглюк,https://starylev.com.ua//knyga-tayemni-dotyky

Мрія про Антарктиду,Маркіян Прохасько,https://starylev.com.ua//knyga-mriya-pro-antarktydu

Король дощу,Сергій «Колос» Мартинюк,https://starylev.com.ua//knyga-korol-doshhu

Залишаюсь українцем,Богдан Гаврилишин,https://starylev.com.ua//kniga-zalisayus-ukrayincem

Смішні кохання,Мілан Кундера,https://starylev.com.ua//kniga-smisni-koxannya

Кулінарний записник «Галицькі смаколики»,Маріанна Душар,https://starylev.com.ua//kulinarnyy-zapysnyk-galycki-smakolyky

Солодке печиво,Дарія Цвєк,https://starylev.com.ua//solodke-pechyvo

У морі. In the sea,Олена Забара,https://starylev.com.ua//u-mori

Як змайструвати мотоцикл,Мартін Содомка,https://starylev.com.ua//yak-zmaystruvaty-motocykl

Середня стать,Джеффрі Євгенідіс,https://starylev.com.ua//serednya-stat

У траві. In the grass,Олена Забара,https://starylev.com.ua//u-travi

Щасливі люди читають книжки і п’ють каву,Аньєс Мартен-Люган,https://starylev.com.ua//shchaslyvi-lyudy-chytayut-knyzhky-i-pyut-kavu

"Хрестоматія сучасної української дитячої літератури для читання в 1,2 класах",,https://starylev.com.ua//hrestomatiya-suchasnoyi-ukrayinskoyi-dytyachoyi-literatury-dlya-chytannya-v-12-klasah

Зубр шукає гніздо,Оксана Була,https://starylev.com.ua//zubr-shukaye-gnizdo

Пів’яблука. Інші пів’яблука,Галина Вдовиченко,https://starylev.com.ua//pivyabluka-inshi-pivyabluka

Морт,Террі Пратчетт,https://starylev.com.ua//mort

Правда,Террі Пратчетт,https://starylev.com.ua//pravda

Франческа. Повелителька траєкторій. Книга 1,Дорж Бату,https://starylev.com.ua//francheska-povelytelka-trayektoriy

Нестяма,Богдан Жолдак,https://starylev.com.ua//nestyama

Химерне сяйво,Террі Пратчетт,https://starylev.com.ua//hymerne-syayvo

Стіна,Андрій Цаплієнко,https://starylev.com.ua//stina

Чаротворці,Террі Пратчетт,https://starylev.com.ua//charotvorci

Віщі сестри,Террі Пратчетт,https://starylev.com.ua//vishchi-sestry

Щоденник Бріджит Джонс. Книга 1,Гелен Філдінґ,https://starylev.com.ua//shchodennyk-bridzhyt-dzhons

То є Львів. Колекція міських історій,Алім Алієв,https://starylev.com.ua//ye-lviv-kolekciya-miskyh-istoriy

Бог свободи,Юлія Мусаковська,https://starylev.com.ua//bog-svobody

Смерть лева Сесіла мала сенс,Олена Стяжкіна,https://starylev.com.ua//smert-leva-sesila-mala-sens

Мапа думок,Тоні Б’юзен,https://starylev.com.ua//mapa-dumok

"Український Майдан, російська війна. Хроніка та аналіз Революції Гідності",Михайло Винницький,https://starylev.com.ua//ukrayinskyy-maydan-rosiyska-viyna-hronika-ta-analiz-revolyuciyi-gidnosti

Інші речі,Юрко Іздрик,https://starylev.com.ua//inshi-rechi

Трикутник Зевса,Андрій Бачинський,https://starylev.com.ua//trykutnyk-zevsa

"Я бачу, вас цікавить пітьма",Ілларіон Павлюк,https://starylev.com.ua//ya-bachu-vas-cikavyt-pitma

Жарт,Мілан Кундера,https://starylev.com.ua//zhart

Пані та панове,Террі Пратчетт,https://starylev.com.ua//pani-ta-panove

Глиняні ноги,Террі Пратчетт,https://starylev.com.ua//glynyani-nogy

Тут усередині. Путівник глибинами мозку,Ізабел Міньйош Мартінш,https://starylev.com.ua//tut-useredyni-putivnyk-glybynamy-mozku

Її тіло та інші сторони,Кармен Марія Мачадо,https://starylev.com.ua//yiyi-tilo-ta-inshi-storony

Острови поміж течій,Ернест Гемінґвей,https://starylev.com.ua//ostrovy-pomizh-techiy

"Г'юстоне, у нас проблеми",Катажина Ґрохоля,https://starylev.com.ua//gyustone-u-nas-problemy

Відьми за кордоном,Террі Пратчетт,https://starylev.com.ua//vidmy-za-kordonom

Ukraїner. Ukrainian Insider,,https://starylev.com.ua//ukrayiner-ukrainian-insider

Оптика Бога,Мар'яна Савка,https://starylev.com.ua//optyka-boga

Місто дівчат,Елізабет Ґілберт,https://starylev.com.ua//misto-divchat

Літні віршики,,https://starylev.com.ua//litni-virshyky

Варта! Варта!,Террі Пратчетт,https://starylev.com.ua//varta-varta

Золотий дім,Салман Рушді,https://starylev.com.ua//zolotyy-dim

Франческа. Володарка офіцерського жетона. Книга 2,Дорж Бату,https://starylev.com.ua//francheska-volodarka-oficerskogo-zhetona

У розшуку,Джон Ле Карре,https://starylev.com.ua//u-rozshuku

Перше слідство імператриці,Наталка Сняданко,https://starylev.com.ua//pershe-slidstvo-imperatryci

MBA за 10 днів,Стівен Сільбіґер,https://starylev.com.ua//mva-za-10-dniv

"Югославія, моя батьківщина",Ґоран Войнович,https://starylev.com.ua//yugoslaviya-moya-batkivshchyna

За стіною,Марлен Гаусгофер,https://starylev.com.ua//za-stinoyu

Моцарт із Лемберга,Богдан Коломійчук,https://starylev.com.ua//mocart-iz-lemberga

Жнець,Террі Пратчетт,https://starylev.com.ua//zhnec

Художник хиткого світу,Кадзуо Ішіґуро,https://starylev.com.ua//hudozhnyk-hytkogo-svitu

12 неймовірних жінок,Мар'яна Савка,https://starylev.com.ua//12-neymovirnyh-zhinok-pro-cinnosti-yaki-tvoryat-lyudynu

Франко від А до Я,Наталя Тихолоз,https://starylev.com.ua//franko-vid-do-ya

Шевченко від А до Я,Леонід Ушкалов,https://starylev.com.ua//shevchenko-vid-do-ya

Антонич від А до Я,Данило Ільницький,https://starylev.com.ua//antonych-vid-do-ya

Сковорода від А до Я,Леонід Ушкалов,https://starylev.com.ua//skovoroda-vid-do-ya

Батько Вепр,Террі Пратчетт,https://starylev.com.ua//batko-vepr

Чарунки долі,,https://starylev.com.ua//charunky-doli

Шептицький від А до Я,Оксана Думанська,https://starylev.com.ua//sheptyckyy-vid-do-ya

Зачарований ліс,Джоанна Басфорд,https://starylev.com.ua//zacharovanyy-lis

Сімейка Майї,Оля Русіна,https://starylev.com.ua//kniga-simeika-maiyi

Вартовий брами,Зірка Шевченко,https://starylev.com.ua//kniga-vartovii-brami

Арт-нотатник Мій квітучий рік 2022,Мар'яна Савка,https://starylev.com.ua//kniga-art-notatnik-mii-kvitucii-rik-2022

Сад відпливає,Іда Фінк,https://starylev.com.ua//kniga-sad-vidplivaye

Кепський день містера Брауна,Лу Пікок,https://starylev.com.ua//kniga-kepskii-den-mistera-brauna

Дракон у дитсадку,Марина Макущенко,https://starylev.com.ua//kniga-drakon-u-ditsadku

Мозаїка спогадів,Святослав Максимчук,https://starylev.com.ua//kniga-mozayika-spogadiv

Безутішні,Кадзуо Ішіґуро,https://starylev.com.ua//kniga-bezutisni

Щоденник Супердівчини. Плануй свій рік з Емі!,Агнєшка Мєлех,https://starylev.com.ua//kniga-shhodennik-superdivcini-planui-svii-rik-z-emi

"20+1, або Земля мертвих",Павло Вольвач,https://starylev.com.ua//201-abo-zemlya-mertvyh

Натуральне вино,Ізабель Лежерон,https://starylev.com.ua//naturalne-vyno

Спадщина чотирьох господинь,Ярослава Зелинська-Джонсон,https://starylev.com.ua//cpadshchyna-chotyroh-gospodyn

Смачні страви за 30 хвилин від Джеймі,Джеймі Олівер,https://starylev.com.ua//smachni-stravy-za-30-hvylyn-vid-dzheymi

"Ні сонце, ані смерть. Зі щоденників нейрохірурга",Генрі Марш,https://starylev.com.ua//ni-sonce-ani-smert

Урмель пірнає у море,Макс Крузе,https://starylev.com.ua//urmel-pirnaye-u-more

Анімаліум,Дженні Брум,https://starylev.com.ua//animalium

Цікава хімія. Життєпис речовин,Юля Смаль,https://starylev.com.ua//cikava-himiya-zhyttyepys-rechovyn

Галицька кухня (з фартухом),Юрій Винничук,https://starylev.com.ua//galycka-kuhnya-z-fartuhom

Пора плодів і квітів,Мар'яна Савка,https://starylev.com.ua//pora-plodiv-i-kvitiv

Грудне вигодовування: секрети і секретики,Тетяна Гавриленко,https://starylev.com.ua//grudne-vygodovuvannya-sekrety-i-sekretyky

Професор Астрокіт і світ атомів. Подорож фізикою,Домінік Воллімен,https://starylev.com.ua//profesor-astrokit-i-svit-atomiv-podorozh-fizykoyu

"Енциклопедія неуків, бунтівників та інших геніїв",Анн Бланшар,https://starylev.com.ua//encyklopediya-neukiv-buntivnykiv-ta-inshyh-geniyiv

Хутір,Олена Захарченко,https://starylev.com.ua//hutir

Мандрівка з чарівним атласом: Венеція,Надійка Гербіш,https://starylev.com.ua//mandrivky-z-charivnym-atlasom-veneciya

Сходження на Кайзервальд,Теодозія  Зарівна,https://starylev.com.ua//shodzhennya-na-kayzervald

Книга про Бланш і Марі,Пер Улоф Енквіст,https://starylev.com.ua//knyga-pro-blansh-i-mari

Мама по скайпу,Наталя Гузєєва,https://starylev.com.ua//mama-po-skaypu

Кучеряві повертаються у місто,,https://starylev.com.ua//kucheryavi-povertayutsya-u-misto

Недільне дитя,Інґмар Берґман,https://starylev.com.ua//nedilne-dytya

Марічка і Червоний Король. Останній перелесник,Марина Рибалко (Товстенко),https://starylev.com.ua//marichka-i-chervonyy-korol-ostanniy-perelesnyk

Велика магія,Елізабет Ґілберт,https://starylev.com.ua//velyka-magiya

Антон та інші зі зграї,Ґюдрун Скреттінґ,https://starylev.com.ua//anton-ta-inshi-neshchastya

Привиди проти суперкрутих. Книга 3,А. Аудгільд Сульберґ,https://starylev.com.ua//pryvydy-proty-superkrutyh

Львів: перечитування міста,Катажина Котинська,https://starylev.com.ua//lviv-perechytuvannya-mista

Старшокласниця. Першокурсниця,Анастасія Левкова,https://starylev.com.ua//starshoklasnycya-pershokursnycya

Лессі,Ерік Найт,https://starylev.com.ua//lessi-povertayetsya-dodomu

Історіум,Джо Нельсон,https://starylev.com.ua//istorium

Тоді я був просто Ульф,Ульф Старк,https://starylev.com.ua//todi-ya-buv-prosto-ulf

Тринадцятий місяць у році,Галина Кирпа,https://starylev.com.ua//trynadcyatyy-misyac-u-roci

Ганнуся. У гості до лісовика,Володимир Рутківський,https://starylev.com.ua//gannusya-u-gosti-do-lisovyka

Таке цікаве життя,Ірина Цілик,https://starylev.com.ua//take-cikave-zhyttya

Детектив Носик і викрадачі,Мар'ян Орлонь,https://starylev.com.ua//detektyv-nosyk-i-vykradachi

Доросла,Галина Крук,https://starylev.com.ua//dorosla

Школа привидознавства Малого Вовчика. Книга 3,Іан Вайброу,https://starylev.com.ua//shkola-pryvydoznavstva-malogo-vovchyka

Золоте серце,Ульф Старк,https://starylev.com.ua//zolote-serce

Твій стиль,Катажина Туск,https://starylev.com.ua//tviy-styl

Сімейка,Ігор Калинець,https://starylev.com.ua//simeyka

Ангел золоте волосся,Зірка Мензатюк,https://starylev.com.ua//angel-zolote-volossya

Повний безлад,Вуді Аллен,https://starylev.com.ua//povnyy-bezlad

Кучеряві відмовляються від ялинки на Різдво,,https://starylev.com.ua//kucheryavi-vidmovlyayutsya-vid-yalynky-na-rizdvo

Джордж і скарби космосу. Книга 2,Люсі Гокінґ,https://starylev.com.ua//dzhordzh-i-skarby-kosmosu

За львівськими брамами,Бондаренко Євгеній,https://starylev.com.ua//za-lvivskymy-bramamy

Чорне і сріблясте,Паоло Джордано,https://starylev.com.ua//chorne-i-sriblyaste

Лише хмари танцюють з зірками,Турюн Ліан,https://starylev.com.ua//lyshe-hmary-tancyuyut-z-zirkamy

Зубасті задачки,Кузько Кузякін,https://starylev.com.ua//zubasti-zadachky

Різдво у Львові,Оксана Зьобро,https://starylev.com.ua//rizdvo-u-lvovi

Повітряний замок,Діана Вінн Джонс,https://starylev.com.ua//povitryanyy-zamok

Подив і тремтіння,Амелі Нотомб,https://starylev.com.ua//podyv-i-tremtinnya

Подорож,Іда Фінк,https://starylev.com.ua//podorozh

"У лісі, лісі темному",Іван Нехода,https://starylev.com.ua//u-lisi-lisi-temnomu

"Кучеряві думають, що робити в дощ",,https://starylev.com.ua//kucheryavi-dumayut-shcho-robyty-v-doshch

Скарб із Міклаґарда,Том Еґеланн,https://starylev.com.ua//skarb-iz-miklagarda

По кому подзвін,Ернест Гемінґвей,https://starylev.com.ua//po-komu-podzvin

Паліндроми,Надія Каламєєць,https://starylev.com.ua//palindromy

З води у воду,Оксана Лущевська,https://starylev.com.ua//z-vody-u-vodu

Щоденник Ельфа,Наталка Малетич,https://starylev.com.ua//shchodennyk-elfa

Шипшинове намисто,Ірина Савка,https://starylev.com.ua//shypshynove-namysto

Перемагаючи долю. Повій вітре!,Олександр Зубченко,https://starylev.com.ua//peremagayuchy-dolyu-poviy-vitre

Піратська книжка Малого Вовчика. Книга 5,Іан Вайброу,https://starylev.com.ua//piratska-knyga-malogo-vovchyka

Моя дорога птаха. Мамина книжка,Ольга Кузьменко,https://starylev.com.ua//moya-doroga-ptaha-mamyna-knyzhka

Інший дім,Оксана Лущевська,https://starylev.com.ua//inshyy-dim

"Армстронґ. Неймовірні пригоди Мишеняти, яке літало на Місяць",Торбен Кульман,https://starylev.com.ua//armstrong

Як Ви збудуєте своє життя?,Карен Діллон,https://starylev.com.ua//yak-vy-zbuduyete-svoye-zhyttya

Бойня номер п'ять,Курт Воннеґут,https://starylev.com.ua//boynya-nomer-pyat

Лук нічної громовиці,Роман Росіцький,https://starylev.com.ua//luk-nichnoyi-gromovyci

Дихай,Анн-Софі Брасм,https://starylev.com.ua//dyhay

Щастя в моїх руках,Аньєс Мартен-Люган,https://starylev.com.ua//shchastya-v-moyih-rukah

Під скляним ковпаком,Сильвія Плат,https://starylev.com.ua//pid-sklyanym-kovpakom

Белла-балерина,Лаура Еймі Ґарн,https://starylev.com.ua//bella-baleryna

Візерунок на камені. Микола Бажан: життєпис (не)радянського поета,Віра Агеєва,https://starylev.com.ua//vizerunok-na-kameni

Ґвара. Автентична львівська абетка,,https://starylev.com.ua//gvara-avtentychna-lvivska-abetka

Ловець океану,Володимир Єрмоленко,https://starylev.com.ua//lovec-okeanu

Розумник,Кім Слейтер,https://starylev.com.ua//rozumnyk

"Два роки, вісім місяців і двадцять вісім ночей",Салман Рушді,https://starylev.com.ua//dva-roky-visim-misyaciv-i-dvadcyat-visim-nochey

Осляче поріддя,Поліна Жеребцова,https://starylev.com.ua//oslyache-poriddya

The Ukrainians: історії успіху,,https://starylev.com.ua//theukrainians-istoriyi-uspihu

Шість головоломок для дона Ісидро Пароді,Хорхе Луїх Борхес,https://starylev.com.ua//shist-golovolomok-dlya-dona-isydro-parodi

Таємний щоденник Адріана Моула,Сью Таунсенд,https://starylev.com.ua//tayemnyy-shchodennyk-adriana-moula

Нова Європа,,https://starylev.com.ua//nova-yevropa

Яблуко в тайстрі,Валерія Чорней,https://starylev.com.ua//yabluko-v-taystri

Нові історії чарівного лісу,Володимир Читай,https://starylev.com.ua//novi-istoriyi-charivnogo-lisu

Федько у пошуках чупакабри,Сергій Гридін,https://starylev.com.ua//fedko-u-poshukah-chupakabry

Таємний агент Микола Гоголь,Петро Кралюк,https://starylev.com.ua//tayemnyy-agent-mykola-gogol-abo-pro-shcho-rozpovidaye-taras-bulba

Іль. Казка про народження,Наталка Малетич,https://starylev.com.ua//il-kazka-pro-narodzhennya

"Ґудбай, імперіє. Розмови з Кахою Бендукідзе",Володимир Федорін,https://starylev.com.ua//gudbay-imperiye-rozmovy-z-kahoyu-bendukidze

Баранчик Рассел і Різдвяне Диво,Роб Скоттон,https://starylev.com.ua//baranchyk-rassel-i-rizdvyane-dyvo

Бог Дрібниць,Арундаті Рой,https://starylev.com.ua//bog-dribnyc

Дорослі зненацька,Сергій Гридін,https://starylev.com.ua//dorosli-znenacka

Свій час,Яна Дубинянська,https://starylev.com.ua//sviy-chas

"Чи вмієш ти свистати, Юганно?",Ульф Старк,https://starylev.com.ua//chy-vmiyesh-ty-svystaty-yuganno

Зварю тобі борщику,Зірка Мензатюк,https://starylev.com.ua//zvaryu-tobi-borshchyku

Остання пригода детектива Носика,Мар'ян Орлонь,https://starylev.com.ua//ostannya-prygoda-detektyva-nosyka

Вдячний Сплет,Роб Скоттон,https://starylev.com.ua//vdyachnyy-splet

Про драконів і щастя,Катерина Міхаліцина,https://starylev.com.ua//pro-drakoniv-i-shchastya

Казки під подушку,Віктор Бронюк,https://starylev.com.ua//kazky-pid-podushku

Жменька тепла для мами,Сашко Дерманський,https://starylev.com.ua//zhmenka-tepla-dlya-mamy

"Мені б хотілось, щоби хтось мене десь чекав",Анна Гавальда,https://starylev.com.ua//meni-b-hotilos-shchoby-htos-mene-des-chekav

Напівлихий,Саллі Ґрін,https://starylev.com.ua//napivlyhyy

Гості на мітлі,Володимир Рутківський,https://starylev.com.ua//gosti-na-mitli

Велика книга 30-денних викликів,Розанна Каспер,https://starylev.com.ua//velyka-knyga-30-dennyh-vyklykiv

Кігтик Ковбаско,Сергій Гридін,https://starylev.com.ua//kigtyk-kovbasko

Ніжність,Давід Фоекінс,https://starylev.com.ua//nizhnist

Книга мого роду (зелена),Ірина Мацко,https://starylev.com.ua//knyga-mogo-rodu-zelena

Вбивство п'яної піонерки,Сергій Оксеник,https://starylev.com.ua//vbyvstvo-pyanoyi-pionerky

Охоронець серця,Франсуаза Саган,https://starylev.com.ua//ohoronec-sercya

Акупунктура міста,Жайме Лернер,https://starylev.com.ua//akupunktura-mista

Пісня пісень,Богдана Матіяш,https://starylev.com.ua//pisnya-pisen

Не бійся монстриків,Женя Миронюк,https://starylev.com.ua//ne-biysya-monstrykiv

Різдво Христове,Мирослав Лаюк,https://starylev.com.ua//rizdvo-hrystove

Нестримна сила води,Маркіян Прохасько,https://starylev.com.ua//nestrymna-syla-vody

От би мені коника,Оксана Кротюк,https://starylev.com.ua//ot-meni-konyka

Нескінченна історія,Міхаель Енде,https://starylev.com.ua//neskinchenna-istoriya

Любовне життя,Оксана Луцишина,https://starylev.com.ua//lyubovne-zhyttya

Будинок безлічі шляхів,Діана Вінн Джонс,https://starylev.com.ua//budynok-bezlichi-shlyahiv

Чоловіки без жінок,Ернест Гемінґвей,https://starylev.com.ua//choloviky-bez-zhinok

Гронінгенський рукопис,,https://starylev.com.ua//groningenskyy-rukopys

Всім пора колядувати,Роман Завадович,https://starylev.com.ua//vsim-pora-kolyaduvaty

Гупало Василь. П'ять з половиною пригод,Фоззі,https://starylev.com.ua//gupalo-vasyl-pyat-z-polovynoyu-prygod

Далекі близькі,Володимир Єрмоленко,https://starylev.com.ua//daleki-blyzki

"Мій друг Персі, Баффало Білл і я",Ульф Старк,https://starylev.com.ua//miy-drug-persi-baffalo-bill-i-ya

Тіні,Марічка Крижанівська,https://starylev.com.ua//tini

Зіркові історії успіху,Мар'яна Савка,https://starylev.com.ua//zirkovi-istoriyi-uspixu

Зірки і макові зернята,Романишин Романа і Лесів Андрій,https://starylev.com.ua//zirky-i-makovi-zernyata

Малий Вовчик - лісовий детектив. Книга 4,Іан Вайброу,https://starylev.com.ua//malyy-vovchyk-lisovyy-detektyv

Так багато всього/ So many things,Майя  Ганіш,https://starylev.com.ua//tak-bagato-vsogo-so-many-things

Босоніжки для стоніжки,Мар'яна Савка,https://starylev.com.ua//bosonizhky-dlya-stonizhky

Реальність Барґеста,Аліна Штефан,https://starylev.com.ua//realnist-bargesta

Чудеса маленького міста,Ґурам Петріашвілі,https://starylev.com.ua//chudesa-malenkogo-mista

Який чудесний світ новий!,Олдос Гакслі,https://starylev.com.ua//yakyy-chudesnyy-svit-novyy

Йорген + Анна = любов,Віґдіс Йорт,https://starylev.com.ua//yorgenannalyubov

Коли ще звірі говорили,Іван Франко,https://starylev.com.ua//koly-shche-zviri-govoryly

Позаду льодовні,Енн Файн,https://starylev.com.ua//pozadu-lodovni

Книга Зорі у квадраті,Ольга Ковалевська,https://starylev.com.ua//zori-u-kvadrati

Політ Золотої Мушки,Богдан Волошин,https://starylev.com.ua//polit-zolotoyi-mushky

Шлях митця,Джулія Кемерон,https://starylev.com.ua//shlyah-mytcya

Галицька кухня,Юрій Винничук,https://starylev.com.ua//galycka-kuhnya

Футбольний матч тривалістю в літо,Бернар Шамбаз,https://starylev.com.ua//futbolnyy-match-tryvalistyu-v-lito

Чарівна Гуска,Христина Цукровська,https://starylev.com.ua//charivna-guska

Листи з Литви / Листи зі Львова,Маріанна Кіяновська,https://starylev.com.ua//lysty-z-lytvy-lysty-zi-lvova

Забавлянки,Галина Малик,https://starylev.com.ua//zabavlyanky

Лізка Мармизко,Наталія Ясіновська,https://starylev.com.ua//lizka-marmyzko

Дар Гумбольдта,Сол Беллоу,https://starylev.com.ua//dar-gumboldta

Напівдикий,Саллі Ґрін,https://starylev.com.ua//napivdykyy

Зміїні гори,Зиґмунт Мілошевський,https://starylev.com.ua//zmiyini-gory

Метрофобія,Мирослав Лаюк,https://starylev.com.ua//metrofobiya

Дорога опівдні,Марія Кривенко,https://starylev.com.ua//doroga-opivdni

Шлях лідера,Лоренс ван ден Майзенберґ,https://starylev.com.ua//shlyah-lidera

Ліндберґ. Історія неймовірних пригод Мишеняти-летуна,Торбен Кульман,https://starylev.com.ua//lindberg-istoriya-neymovirnyh-prygod-myshenyaty-letuna

"Чоловік, який вирощував комети",Анджела Нанетті,https://starylev.com.ua//cholovik-yakyy-vyroshchuvav-komety

Чорна-чорна курка,Галина Вдовиченко,https://starylev.com.ua//chorna-chorna-kurka

Чекаючи на Боджанґлза,Олів’є Бурдо,https://starylev.com.ua//chekayuchy-na-bodzhanglza

Номінація. Іздрик,Юрко Іздрик,https://starylev.com.ua//nominaciya

Сікстен,Ульф Старк,https://starylev.com.ua//siksten

Дженні,Пол Ґелліко,https://starylev.com.ua//dzhenni

Абетка ремесел і професій,Надія Репета,https://starylev.com.ua//abetka-remesel-i-profesiy

Під землею. Під водою,Олександра та Даніель Мізелінські,https://starylev.com.ua//pid-zemleyu-pid-vodoyu

Слон Трубальський. Вірші для дітей,Юліан Тувім,https://starylev.com.ua//slon-trubalskyy-virshi-dlya-ditey

Посол мертвих,Аскольд Мельничук,https://starylev.com.ua//posol-mertvyh

"Метелик, який тупнув ніжкою",Редьярд Кіплінг,https://starylev.com.ua//metelyk-yakyy-tupnuv-nizhkoyu

Галицькі оповідання,Анджей Стасюк,https://starylev.com.ua//galycki-opovidannya

"Дівчинка, яка рятувала книжки",Клаус Гаґеруп,https://starylev.com.ua//divchynka-yaka-ryatuvala-knyzhky

Європеана,Патрік Оуржеднік,https://starylev.com.ua//yevropeana

Усміхаки,Лариса Денисенко,https://starylev.com.ua//usmihaky

Тінь у дзеркалі,Катерина Міхаліцина,https://starylev.com.ua//tin-u-dzerkali

Книжка про читання,Юстина Соболевська,https://starylev.com.ua//knyzhka-pro-chytannya

Шоколадні вірші про кохання,Надія Каламєєць,https://starylev.com.ua//shokoladni-virshi-pro-kohannya

"Історії про життя, смерть і нейрохірургію",Генрі Марш,https://starylev.com.ua//istoriyi-pro-zhyttya-smert-i-neyrohirurgiyu

Пава з павенятами,Оксана Лущевська,https://starylev.com.ua//pava-z-pavenyatamy

Хлопчик у смугастій піжамі,Джон Бойн,https://starylev.com.ua//hlopchyk-u-smugastiy-pizhami

Як розмовляти з дітьми про мистецтво ХХ століття,Франсуаза Барб-Ґалль,https://starylev.com.ua//yak-rozmovlyaty-z-ditmy-pro-mystectvo-hh-stolittya

Диваки і зануди,Ульф Старк,https://starylev.com.ua//dyvaky-i-zanudy

Як сонечко крапочки загубило,Галина Малик,https://starylev.com.ua//yak-sonechko-krapochky-zagubylo

Загублене цуценя,Анна Люлько,https://starylev.com.ua//zagublene-cucenya

Арт-нотатник «Чарівний сад»,Джоанна Басфорд,https://starylev.com.ua//art-notatnyk-charivnyy-sad

Темний бік будинку,Марина Макущенко,https://starylev.com.ua//temnyy-bik-budynku

Фієста. І сонце сходить,Ернест Гемінґвей,https://starylev.com.ua//fiyesta-i-sonce-shodyt

Дядько Мрожек не припиняє чесати язиком,Славомір Мрожек,https://starylev.com.ua//dyadko-mrozhek-ne-prypynyaye-chesaty-yazykom

Щоденник Славка Хоробрика,Оксана Радушинська,https://starylev.com.ua//shchodennyk-slavka-horobryka

Кіт на ім'я Сплет,Роб Скоттон,https://starylev.com.ua//kit-na-imya-splet

Абрикоси Донбасу,Любов Якимчук,https://starylev.com.ua//abrykosy-donbasu

Напівзагублений,Саллі Ґрін,https://starylev.com.ua//napivzagublenyy

Церебро,Андрій Бондар,https://starylev.com.ua//cerebro

Сузір'я Курки,Софія Андрухович,https://starylev.com.ua//suzirya-kurky

Дона Флор та двоє її чоловіків,Жоржі Амаду,https://starylev.com.ua//dona-flor-ta-dvoye-yiyi-cholovikiv

Невгамовна Кейті,С'юзен Кулідж,https://starylev.com.ua//nevgamovna-keyti

Корнелія,Надія Мориквас,https://starylev.com.ua//korneliya

Іван Сірко,Марія Морозенко,https://starylev.com.ua//ivan-sirko

Небесна падалиця,Сергій Осока,https://starylev.com.ua//nebesna-padalycya

Федько у віртуальному місті,Сергій Гридін,https://starylev.com.ua//fedko-u-virtualnomu-misti

Капосна книжка Маленького Вовчика. Книга 1,Іан Вайброу,https://starylev.com.ua//kaposna-knyzhka-malogo-vovchyka

Загублений океан,Джоанна Басфорд,https://starylev.com.ua//zagublenyy-okean

Хороші хлопці фінішують першими,Любомир Серняк,https://starylev.com.ua//horoshi-hlopci-finishuyut-pershymy

Чарівний сад. 20 листівок,Джоанна Басфорд,https://starylev.com.ua//lystivky-charivnogo-sadu

Як творити галерею,Мартін Ванєк,https://starylev.com.ua//yak-tvoryty-galereyu

Щирик зі Змієвої гори,Володимир Рутківський,https://starylev.com.ua//shchyryk-zi-zmiyevoyi-gory

Високі гори Португалії,Янн Мартель,https://starylev.com.ua//vysoki-gory-portugaliyi

Кухня пані Вишеньки,Сильвія Плат,https://starylev.com.ua//kuhnya-pani-vyshenky

Вузька стежка на Далеку Північ,Річард Фленеган,https://starylev.com.ua//vuzka-stezhka-na-daleku-pivnich

Колискова для Андрійка,Варвара Гончарова,https://starylev.com.ua//kolyskova-dlya-andriyka

Рік у Чарівній Країні,Мацєй Шимановіч,https://starylev.com.ua//rik-u-charivniy-krayini

Коротка історія семи вбивств,Марлон Джеймс,https://starylev.com.ua//korotka-istoriya-semy-vbyvstv

"Де ви, кохані леви?",Наталія Трохим,https://starylev.com.ua//de-vy-kohani-levy

Осиний мед дикий,Ірина Савка,https://starylev.com.ua//osynyy-med-dykyy

Таємниця козацької шаблі,Зірка Мензатюк,https://starylev.com.ua//tayemnycya-kozackoyi-shabli

Атлас міст,Джорджія Черрі,https://starylev.com.ua//atlas-mist

Лугова лічилка,Катерина Міхаліцина,https://starylev.com.ua//lugova-lichylka

Дорога святого Якова,Дзвінка Матіяш,https://starylev.com.ua//doroga-svyatogo-yakova

Перехожі. Південно-Східна Азія,Богдан Логвиненко,https://starylev.com.ua//perehozhi-pivdenno-shidna-aziya

Що ховається у морі?,Айна Бестард,https://starylev.com.ua//shcho-hovayetsya-u-mori

"І тим, що в гробах",Андрій Бондар,https://starylev.com.ua//i-tym-shcho-v-grobah

І паралельні перетинаються,Сергій Гридін,https://starylev.com.ua//i-paralelni-peretynayutsya

Забагато щастя,Еліс Манро,https://starylev.com.ua//zabagato-shchastya

Пан Сирник і різдвяний пампушок,Світлана Лінинська,https://starylev.com.ua//pan-syrnyk-i-rizdvyanyy-pampushok

Казки-горошинки,Ірина Савка,https://starylev.com.ua//kazky-goroshynky

Не такий,Сергій Гридін,https://starylev.com.ua//ne-takyy

Три твої імені,Діна Сабітова,https://starylev.com.ua//try-tvoyi-imeni

Супергерої,Олена Гусейнова,https://starylev.com.ua//supergeroyi

Незвичайні професії,Алла Гутніченко,https://starylev.com.ua//nezvychayni-profesiyi

Leopolis Grand Prix,М. Іваненко,https://starylev.com.ua//leopolis-grand-prix

Державне багатство народів,Даг Деттер,https://starylev.com.ua//derzhavne-bagatstvo-narodiv

Песик Чапа,Оксана Кротюк,https://starylev.com.ua//pesyk-chapa

Крамничка тітоньки Мальви,Сашко Дерманський,https://starylev.com.ua//kramnychka-titonky-malvy

Мій дім і речі в нім,Романишин Романа і Лесів Андрій,https://starylev.com.ua//miy-dim-i-rechi-v-nim

Модерністки. Антологія польської жіночої прози міжвоєнного періоду,,https://starylev.com.ua//modernistky-antologiya

Суддя та його кат,Фрідріх Дюрренматт,https://starylev.com.ua//suddya-ta-yogo-kat

Таємниці львівських левів,Іван Радковець,https://starylev.com.ua//tayemnyci-lvivskyh-leviv

Джордж і блакитний супутник. Книга 5,Люсі Гокінґ,https://starylev.com.ua//dzhordzh-i-blakytnyy-suputnyk

Шлях,Коносуке Мацушіта,https://starylev.com.ua//shlyah

Як зрозуміти козу,Тарас Прохасько,https://starylev.com.ua//yak-zrozumity-kozu

Кулемети й вишні. Історії про добрих людей з Волині,Вітольд Шабловський,https://starylev.com.ua//kulemety-y-vyshni-istoriyi-pro-dobryh-lyudey-z-volyni

МОRE віршів і пісень,Григорій Семенчук,https://starylev.com.ua//more-virshiv-i-pisen

Моє сторіччя,Ґюнтер Ґрасс,https://starylev.com.ua//moye-storichchya

Сорок джерел,Борис Єґіазарян,https://starylev.com.ua//sorok-dzherel

Перемагаючи долю. Козацьке щастя,Олександр Зубченко,https://starylev.com.ua//peremagayuchy-dolyu-kozacke-shchastya

Слон на ім'я Ґудзик,Леся Воронина,https://starylev.com.ua//slon-na-imya-gudzik-1

Пожертва на світло,Мірек Боднар,https://starylev.com.ua//pozhertva-na-svitlo

Бесіди п(р)одумки,Андрій Содомора,https://starylev.com.ua//besidy-produmky

Казочки-куцохвостики,Зірка Мензатюк,https://starylev.com.ua//kazochky-kucohvostyky

Джордж і незламний код. Книга 4,Люсі Гокінґ,https://starylev.com.ua//dzhordzh-i-nezlamnyy-kod

Сфера,Дейв Еґґерс,https://starylev.com.ua//sfera

Як розмовляти з дітьми про мистецтво,Франсуаза Барб-Ґалль,https://starylev.com.ua//yak-rozmovlyaty-z-ditmy-pro-mystectvo

Ганнуся,Володимир Рутківський,https://starylev.com.ua//gannusya

Розмови з донькою про економіку. Коротка історія капіталізму,Яніс Варуфакіс,https://starylev.com.ua//rozmovy-z-donkoyu-pro-ekonomiku-korotka-istoriya-kapitalizmu

Прислів'я українські,Оксана Лущевська,https://starylev.com.ua//pryslivya-ukrayinski

Бавимося разом,Алла Слотвінська,https://starylev.com.ua//bavymosya-razom-abo-yak-vporatysya-z-dytyachym-neposluhom

Довірливі розмови,Інґмар Берґман,https://starylev.com.ua//dovirlyvi-rozmovy

Після Криму,Світлана Поваляєва,https://starylev.com.ua//pislya-krymu

"Маша, або Постфашизм",Ярослав Мельник,https://starylev.com.ua//masha-abo-postfashyzm

Поезія Келії,Костянтин Москалець,https://starylev.com.ua//poeziya-keliyi

Хлопчаки танцюють брейк,Вітаутас Рачицкас,https://starylev.com.ua//hlopchaky-tancyuyut-breyk

"Чап-чалапу, гусоньки!",Оксана Кротюк,https://starylev.com.ua//chap-chalapu-gusonky

Відчайдушний боягуз,Володимир Аренєв,https://starylev.com.ua//vidchaydushnyy-boyaguz

До нас на чай заходив тигр!,Джудіт Керр,https://starylev.com.ua//do-nas-na-chay-zahodyv-tygr

Лісові музиканти,Валерія Соколова,https://starylev.com.ua//lisovi-muzykanty

Баборня,Мирослав Лаюк,https://starylev.com.ua//babornya

Ватага веселих волоцюг,Андрій Бачинський,https://starylev.com.ua//vataga-veselyh-volocyug

Мюнхгаузен. Правда про неправду,Флікс,https://starylev.com.ua//myunhgauzen-pravda-pro-nepravdu

Світлокопія,Шарлотте Кернер,https://starylev.com.ua//svitlokopiya

Дочка Чарівниць,Дорота Тераковська,https://starylev.com.ua//dochka-charivnyc

Спостерігаючи за англійцями,Кейт Фокс,https://starylev.com.ua//sposterigayuchy-za-angliycyamy

Рік у місті,Катажина Богуцька,https://starylev.com.ua//rik-u-misti

Казки Андерсена. Книга перша,Ганс Християн Андерсен,https://starylev.com.ua//kazky-andersena-knyga-persha

Що ховається у лісі?,Мірея Тріус,https://starylev.com.ua//shcho-hovayetsya-u-lisi

Нові пригоди Солом`яника та Бляшаного Лісоруба,Ліман Френк Баум,https://starylev.com.ua//novi-prigodi-solomyanika-ta-blyasanogo-lisoruba

RECвізити. Книга 3,Тетяна Терен,https://starylev.com.ua//recvizyty-antologiya-pysmennyckyh-golosiv-knyga-tretya

Гедвіґ,Фріда Нільсон,https://starylev.com.ua//gedvig

Малий Вовчик – отаман зграї. Книга 6,Іан Вайброу,https://starylev.com.ua//malyy-vovchyk-otaman-zgrayi

Порнографія,Вітольд Ґомбрович,https://starylev.com.ua//pornografiya

Скоромовки,Женя Миронюк,https://starylev.com.ua//skoromovky

Таємниці львівської кави,Юрій Винничук,https://starylev.com.ua//tayemnici-lvivskoyi-kavi

Ярко і змій головастик,Марія Людкевич,https://starylev.com.ua//yarko-i-zmiy-golovastyk

Календар любові,Юрко Іздрик,https://starylev.com.ua//kalendar-lyubovi

"Речі, що лишилися від дому",Еліна Свенцицька,https://starylev.com.ua//rechi-shcho-lyshylysya-vid-domu

Зоряний хлопчик,Оскар Вайльд,https://starylev.com.ua//zoryanyy-hlopchyk

Не сподівайтеся позбутися книжок,Умберто Еко,https://starylev.com.ua//ne-spodivaytesya-pozbutysya-knyzhok

Тихі віршики на зиму,Мар'яна Савка,https://starylev.com.ua//tyhi-virshyky-na-zymu

Мої винаходи,Нікола Тесла,https://starylev.com.ua//moyi-vynahody

Ведмідь-піаніст,Девід Літчфілд,https://starylev.com.ua//vedmid-pianist

Антон та інші зі зграї,Ґюдрун Скреттінґ,https://starylev.com.ua//anton-ta-inshi-zi-zgrayi

Казки Андерсена. Книга друга,Ганс Християн Андерсен,https://starylev.com.ua//kazky-andersena-knyga-druga

Куди зникло море,Тарас Прохасько,https://starylev.com.ua//kudy-znyklo-more

У будні і свята,Дарія Цвєк,https://starylev.com.ua//u-budni-i-svyata

Лялька. Оповідання про дитинство,Вікторія Амеліна,https://starylev.com.ua//lyalka-opovidannya-pro-dytynstvo

Мишкові Миші,Галина Вдовиченко,https://starylev.com.ua//myshkovi-myshi

Урбамістика,Уляна Галич,https://starylev.com.ua//urbamistyka

Абетка,Оксана Кротюк,https://starylev.com.ua//abetka

П'ятикнижжя,Грицько Чубай,https://starylev.com.ua//pyatyknyzhzhya

Літня книжка,Туве Янссон,https://starylev.com.ua//litnya-knyzhka

Ботанікум,Кесі Вілліс,https://starylev.com.ua//botanikum

"Біла, Синя та інші",Тетяна Стус (Щербаченко),https://starylev.com.ua//bila-synya-ta-inshi

Паперовий міст,Василь Махно,https://starylev.com.ua//paperovyy-mist

Дефіляда в Москві,Василь Кожелянко,https://starylev.com.ua//defilyada-v-moskvi

Галуна-Лалуна,Сашко Гаврош,https://starylev.com.ua//galuna-laluna

Містерія Різдва,Соломія Савка,https://starylev.com.ua//misteriya-rizdva

Лис Микита,Іван Франко,https://starylev.com.ua//lys-mykyta

Середина світу,Андреас Штайнгьофель,https://starylev.com.ua//seredyna-svitu

Що ховається у тілі?,Айна Бестард,https://starylev.com.ua//shcho-hovayetsya-u-tili

Геройська книжка Маленького Вовчика. Книга 2,Іан Вайброу,https://starylev.com.ua//geroyska-knyzhka-malogo-vovchyka

Кумедна коронація,Джеремі Стронґ,https://starylev.com.ua//kumedna-koronaciya

Арт-бук «Скриня. Речі сили»,Ярина Винницька,https://starylev.com.ua//art-buk-skrynya-rechi-syly

"Остання жінка, останній чоловік",Людмила Таран,https://starylev.com.ua//ostannya-zhinka-ostanniy-cholovik

Стильна книжка для панянки,Оксана Караванська,https://starylev.com.ua//stylna-knyzhka-dlya-panyanky

Туконі - мешканець лісу,Оксана Була,https://starylev.com.ua//tukoni-meshkanec-lisu

Маніфест двадцятирічних,Крістін Гесслер,https://starylev.com.ua//manifest-dvadcyatyrichnyh

Самотність простих чисел,Паоло Джордано,https://starylev.com.ua//camotnist-prostyh-chysel

Бабусина господа,Катерина Міхаліцина,https://starylev.com.ua//babusyna-gospoda

"З любов’ю, Обрі",Сюзанн Лафлер,https://starylev.com.ua//z-lyubovyu-obri

Львів на початку ХХІ ст.,Микола Назарук,https://starylev.com.ua//lviv-na-pochatku-hhi-stolittya

Малятам і батькам,Дарія Цвєк,https://starylev.com.ua//malyatam-i-batkam

Дідо-Всевідо,Сашко Гаврош,https://starylev.com.ua//dido-vsevido

Загадки,Любов Шостак,https://starylev.com.ua//zagadky

До музики. Книга 1,Кетіль Бйорнстад,https://starylev.com.ua//do-muzyky

Ку-ку! Ми тут!,Ліна Екдаль,https://starylev.com.ua//ku-ku-my-tut

Мистецтво подорожі,Ален де Боттон,https://starylev.com.ua//mystectvo-podorozhi

Детективи в Артеку. Книга 1,Андрій Бачинський,https://starylev.com.ua//detektyvy-v-arteku

Лібрето для пустелі,Сона Ван,https://starylev.com.ua//libreto-dlya-pusteli

Любий Ґабріелю,Гальфдан В. Фрайгов,https://starylev.com.ua//lyubyy-gabriyelyu

"Прощавай, зброє",Ернест Гемінґвей,https://starylev.com.ua//proshchavay-zbroye

Про котів і про собак,Григорій Фалькович,https://starylev.com.ua//pro-kotiv-i-pro-sobak

Як я руйнувала імперію,Зірка Мензатюк,https://starylev.com.ua//yak-ya-ruynuvala-imperiyu

"Марічка і Червоний Король. Подорож туди, де сніг",Марина Рибалко (Товстенко),https://starylev.com.ua//maricka-i-cervonii-korol-podoroz-tudi-de-snig

Таємниця суперкрутих. Книга 4,А. Аудгільд Сульберґ,https://starylev.com.ua//tayemnycya-superkrutyh

Джеремі Кларксон і світ довкола,Джеремі Кларксон,https://starylev.com.ua//dzheremi-klarkson-ta-svit-dovkola

Професор Астрокіт і неосяжний космос,Домінік Воллімен,https://starylev.com.ua//profesor-astrokit-i-neosyaznii-kosmos

Бунар,Катерина Калитко,https://starylev.com.ua//bunar

Ідея на мільй000000н,Катерина Сад,https://starylev.com.ua//ideya-na-mily000000n

Велика розмальовка з цифрами,Фіона Ватт,https://starylev.com.ua//velyka-rozmalovka-z-cyframy

Коханець леді Чаттерлей,Девід Герберт Річард Лоуренс,https://starylev.com.ua//kohanec-ledi-chatterley

Таємничі загадки,Ана Гальйо,https://starylev.com.ua//tayemnychi-zagadky

Група «Скрябін» та друзі по сцені,Ольга Кузьменко,https://starylev.com.ua//grupa-skryabin-ta-druzi-po-sceni

Метелики у крижаних панцирах,Оксана Радушинська,https://starylev.com.ua//metelyky-u-kryzhanyh-pancyrah

Мандрівка з чарівним атласом: Гринвіч,Надійка Гербіш,https://starylev.com.ua//mandrivka-grinvich

Рости моє дерево з міцного коріння,Ірина Мацко,https://starylev.com.ua//rosty-moye-derevce-z-micnogo-korinnya

Знайомтесь: Фараон!,Джеремі Стронґ,https://starylev.com.ua//znayomtes-faraon

Краєвид з ментоловим ароматом,Уладзімєр Арлов,https://starylev.com.ua//krayevyd-z-mentolovym-aromatom

Ласощі для Медора,Андрій Бондар,https://starylev.com.ua//lasoshchi-dlya-medora

Кав’ярня. Мій перший бізнес. Креативний нотатник,Юстина Бережніцка,https://starylev.com.ua//kavyarnya-miy-pershyy-biznes-kreatyvnyy-notatnyk

Крадій часу,Террі Пратчетт,https://starylev.com.ua//kradiy-chasu

Марчик та Мурчик,Мар'яна Савка,https://starylev.com.ua//marchyk-ta-murchyk

Книжка на сцені,,https://starylev.com.ua//knyzhka-na-sceni

Ноктюрни. П’ять історій про музику та смеркання,Кадзуо Ішіґуро,https://starylev.com.ua//noktyurny

Панда любить мандрувати,Леся Мовчун,https://starylev.com.ua//panda-lyubyt-mandruvaty

Коли настає ніч,Моніка Утник-Стругала,https://starylev.com.ua//koly-nastaye-nich-shcho-vidbuvayetsya-poky-my-spymo

Бліцмасштабування,Рейд Гоффман,https://starylev.com.ua//blicmasshtabuvannya

Вечір у Візантії,Ірвін Шоу,https://starylev.com.ua//vechir-u-vizantiyi

Жінка без гробівця. Розповідь про мою тітку,Мартін Поллак,https://starylev.com.ua//zhinka-bez-grobivcya

"Муха, дзвоник і Різдво",Віка Мізюк,https://starylev.com.ua//muha-dzvonyk-i-rizdvo

Мій квітучий рік,Мар'яна Савка,https://starylev.com.ua//miy-kvituchyy-rik

Світ за Кларксоном. Як я вже казав...,Джеремі Кларксон,https://starylev.com.ua//yak-ya-vzhe-kazav-svit-za-klarksonom

Досягай і процвітай,Аріанна Гаффінґтон,https://starylev.com.ua//dosyagay-i-procvitay

Подорожні головоломки,Філ Кларк,https://starylev.com.ua//podorozhi-golovolomky

Банк,Емма Квіґлі,https://starylev.com.ua//bank

Містельфи,Галина Вдовиченко,https://starylev.com.ua//mistelfy

Порядок довкола — спокій у душі,Ґретхен Рубін,https://starylev.com.ua//poryadok-dovkola-spokiy-u-dushi

Ківі Ківі,Мирослав Лаюк,https://starylev.com.ua//kivi-kivi

Втікачі,Ульф Старк,https://starylev.com.ua//vtikachi

Кримський інжир. Демірджі,,https://starylev.com.ua//krymskyy-inzhyr-demirdzhi

Лапи і хвости,Мар'яна Савка,https://starylev.com.ua//lapy-i-hvosty

Муся та бабуся,Галина Кирпа,https://starylev.com.ua//musya-ta-babusya

Маленькі історії Великих Людей. Фернан Магеллан,Ізабель Томас,https://starylev.com.ua//malenki-istoriyi-velykyh-lyudey-fernan-magellan

Маленькі історії Великих Людей. Фріда Кало,Ізабель Томас,https://starylev.com.ua//malenki-istoriyi-velykyh-lyudey-frida-kalo

Діти їхні,Ніколя Матьє,https://starylev.com.ua//dity-yihni

Острів,Жанна Слоньовська,https://starylev.com.ua//ostriv

Каміньсадліс,Ірина Шувалова,https://starylev.com.ua//kaminsadlis

ВосьмиЩОСЬ,Олеся Мамчич,https://starylev.com.ua//vosmyshchos

"Мости замість стін, або Що об’єднує українців?",,https://starylev.com.ua//mosty-zamist-stin

928 миль від дому,Кім Слейтер,https://starylev.com.ua//928-myl-vid-domu

"Дівчина, яка читала в метро",Крістін Фере-Флері,https://starylev.com.ua//divchyna-yaka-chytala-u-metro

Вільнюський покер,Річардас Ґавяліс,https://starylev.com.ua//vilnyuskyy-poker

Снігова сестричка,Мая Люнде,https://starylev.com.ua//snigova-sestrychka

Велика книга різдвяних ігор,Бордін Клаудія,https://starylev.com.ua//velyka-knyga-rizdvyanyh-igor

Маленький Санта,Джонатан Стуцмен,https://starylev.com.ua//malenkyy-santa

Лексикон львівський: поважно і на жарт,Наталя Хобзей,https://starylev.com.ua//leksykon-lvivskyy-povazhno-i-na-zhart

Мандрівки з чарівним атласом: Париж,Надійка Гербіш,https://starylev.com.ua//mandrivky-z-charivnym-atlasom-paryzh

Міністерство граничного щастя,Арундаті Рой,https://starylev.com.ua//ministerstvo-granychnogo-shchastya

Антон великий,Ґюдрун Скреттінґ,https://starylev.com.ua//anton-velykyy

Колись мій тато був дуже крутий,Неґлі Кіт,https://starylev.com.ua//kolys-miy-tato-buv-duzhe-krutyy

Таємничі загадки-2,Віктор Ескандель,https://starylev.com.ua//tayemnychi-zagadky-2

Сем і Джулія в театрі. Книга 2,Каріна Схапман,https://starylev.com.ua//sem-i-dzhuliya-v-teatri

Вище за небо,Клаус Гаґеруп,https://starylev.com.ua//vyshche-za-nebo

Технологія EQ-BOOST,Валерія Козлова,https://starylev.com.ua//tehnologiya-eq-boost-yak-vykorystovuvaty-emociynyy-intelekt-u-biznesi-ta-zhytti

Кримський інжир,,https://starylev.com.ua//krymskyy-inzhyr

Зачароване життя,Діана Вінн Джонс,https://starylev.com.ua//zacharovane-zhyttya

Аврора та інші принцеси,Оксана Куценко,https://starylev.com.ua//avrora-ta-inshi-pryncesy

Ларс. LOL,Ібен Акерлі,https://starylev.com.ua//larslol

Феміністки не носять рожевого та інші вигадки,Скарлетт Кертіс,https://starylev.com.ua//feministky-ne-nosyat-rozhevogo-ta-inshi-vygadky

Меланхолії,Юрко Іздрик,https://starylev.com.ua//melanholiyi

Залізний вовк,Оксана Лущевська,https://starylev.com.ua//zaliznyy-vovk

Я і Конституція,Лариса Денисенко,https://starylev.com.ua//ya-i-konstytuciya

Місто вночі,Петра Бартікова,https://starylev.com.ua//misto-vnochi

Червоні хащі,Фоззі,https://starylev.com.ua//chervoni-hashchi

Троянда,Мирослав Лаюк,https://starylev.com.ua//troyanda

"#НАШІ на карті світу. Історії про людей, якими захоплюється світ",Уляна Скицька,https://starylev.com.ua//nashi-na-karti-svitu-istoriyi-pro-lyudey-yakymy-zahoplyuyetsya-svit

Майже вільна,Дідьє ван Ковелар,https://starylev.com.ua//mayzhe-vilna

Я повернулася. Люблю,Ольга Герасим'юк,https://starylev.com.ua//ya-povernulasya-lyublyu

Абетка з секретом,Олена Забара,https://starylev.com.ua//abetka-z-sekretom

Лінкольн у бардо,Джордж Сондерс,https://starylev.com.ua//linkoln-u-bardo

Як влаштовано Всесвіт,Олексій Парновський,https://starylev.com.ua//yak-vlashtovano-vsesvit-vstup-do-suchasnoyi-kosmologiyi

19 різдвяних історій,Дорж Бату,https://starylev.com.ua//19-rizdvyanyh-istoriy

Маленькі історії Великих Людей. Марі Кюрі,Ізабель Томас,https://starylev.com.ua//malenki-istoriyi-velykyh-lyudey-mari-kyuri

"Усе, що треба знати перед школою",Фелісіті Брукс,https://starylev.com.ua//use-shcho-treba-znaty-pered-shkoloyu

Нью-йоркська трилогія,Пол Остер,https://starylev.com.ua//nyu-yorkska-trylogiya

Ліга непарних шкарпеток,Галина Вдовиченко,https://starylev.com.ua//liga-neparnyh-shkarpetok

Прощення,Алеш Штеґер,https://starylev.com.ua//proshchennya

Токійська наречена,Амелі Нотомб,https://starylev.com.ua//tokiyska-narechena

Дев’ять життів Крістофера Чанта,Діана Вінн Джонс,https://starylev.com.ua//devyat-zhyttiv-kristofera-chanta

Laterna Magica,Інґмар Берґман,https://starylev.com.ua//laterna-magica

Ілюстрована історія кіно,Адам Оллсач Бордмен,https://starylev.com.ua//ilyustrovana-istoriya-kino

Родинна абетка,Мар'яна Савка,https://starylev.com.ua//rodynna-abetka

Чорна книга кольорів,Менена Коттін,https://starylev.com.ua//chorna-knyga-koloriv

Якщо подорожній одної зимової ночі,Італо Кальвіно,https://starylev.com.ua//yakshcho-podorozhniy-odnoyi-zymovoyi-nochi

Never stop,Марі Карачина,https://starylev.com.ua//never-stop

"Я буду дивитися, як ти пишеш",Ніна Кур'ята,https://starylev.com.ua//ya-budu-dyvytysya-yak-ty-pyshesh

Книга піску. Пам'ять Шекспіра,Хорхе Луїх Борхес,https://starylev.com.ua//knyga-pisku-pamyat-shekspira

Похований велетень,Кадзуо Ішіґуро,https://starylev.com.ua//pohovanyy-veleten

Кучеряві заводять хом’ячка,,https://starylev.com.ua//kucheryavi-zavodyat-homyachka

Врятуй тварин,Патрік Джордж,https://starylev.com.ua//vryatuy-tvaryn

10 історій для хлопців,Іван Андрусяк,https://starylev.com.ua//10-istoriy-dlya-hlopciv

Охайні прописи ерцгерцога Вільгельма,Наталка Сняданко,https://starylev.com.ua//ohayni-propysy-ercgercoga-vilgelma

101 далматинець,Доді Сміт,https://starylev.com.ua//101-dalmatynec

Маленька Відьма та Кір,Олексій Надемлінський,https://starylev.com.ua//malenka-vidma-ta-kir

Майка і Смугастик,Любов Купцова,https://starylev.com.ua//mayka-i-smugastyk

Parasol,,https://starylev.com.ua//parasol

Баранчик Рассел і загублений скарб,Роб Скоттон,https://starylev.com.ua//baranchyk-rassel-i-zagublenyy-skarb

Колисанки і дрімливі вірші,Мар'яна Савка,https://starylev.com.ua//kolysanky-i-drimlyvi-virshi

Чи це людина,Прімо Леві,https://starylev.com.ua//chy-ce-lyudyna

Довгі часи,Володимир Рафєєнко,https://starylev.com.ua//dovgi-chasy

Корабель шаленців,Тарас Лютий,https://starylev.com.ua//korabel-shalenciv

Нічний адміністратор,Джон Ле Карре,https://starylev.com.ua//nichnyy-administrator

Леля з будиночка на дереві,Юля Лящинська,https://starylev.com.ua//lelya-z-budynochka-na-derevi

Сни неофіта,Павло Вольвач,https://starylev.com.ua//sny-neofita

Життя і сніг,Тарас Прохасько,https://starylev.com.ua//zhyttya-i-snig

Магія джунглів,Джоанна Басфорд,https://starylev.com.ua//magiya-dzungliv

Перемагаючи долю. Під чужим небом,Олександр Зубченко,https://starylev.com.ua//peremagayuchy-dolyu

Ринкові площі історичних міст України,Марина Рибалко (Товстенко),https://starylev.com.ua//rynkovi-ploshchi-istorychnyh-mist-ukrayiny

FAITHBOOK,Володимир Бєглов,https://starylev.com.ua//faithbook

Маленька книжка про любов,Ульф Старк,https://starylev.com.ua//malenka-knyzhka-pro-lyubov

12 важелів успіху,Стівен Р. Кові,https://starylev.com.ua//12-vazheliv-uspihu

theUKRAINIANS II: історії успіху,,https://starylev.com.ua//theukrainians-ii-istoriyi-uspihu

Дівчина з перловою сережкою,Трейсі Шевальє,https://starylev.com.ua//divchyna-z-perlovoyu-serezhkoyu

Книга вигаданих істот,Хорхе Луїх Борхес,https://starylev.com.ua//knyga-vygadanyh-istot

Не відпускай мене,Кадзуо Ішіґуро,https://starylev.com.ua//ne-vidpuskay-mene

"Хтось, Або Водяне Серце",Вікторія Амеліна,https://starylev.com.ua//htos-abo-vodyane-serce

Чат для дівчат,Надія Біла,https://starylev.com.ua//chat-dlya-divchat

А я у гай ходила,Павло Тичина,https://starylev.com.ua//ya-u-gay-hodyla

Викрадач вічності,Клайв Баркер,https://starylev.com.ua//vykradach-vichnosti

Сад забутих плодів,Ґвера Тоніно,https://starylev.com.ua//sad-zabutyh-plodiv

Земля загублених,Катерина Калитко,https://starylev.com.ua//zemlya-zagublenyh

Марічка і Червоний Король. Місто непокірних,Марина Рибалко (Товстенко),https://starylev.com.ua//marichka-i-chervonyy-korol-misto-nepokirnyh

Вишня і Я,Олексій Чупа,https://starylev.com.ua//vyshnya-i-ya

Слон на ім'я Ґудзик,Леся Воронина,https://starylev.com.ua//slon-na-imya-gudzyk

Дороги й середохрестя,Віра Агеєва,https://starylev.com.ua//dorogy-y-seredohrestya

Земля Георгія,Антон Санченко,https://starylev.com.ua//zemlya-georgiya

Родинний архів та інші вірші,Борис Херсонський,https://starylev.com.ua//rodynnyy-arhiv-ta-inshi-virshi

Дикі лебеді,Ганс Християн Андерсен,https://starylev.com.ua//dyki-lebedi

Життя Пі,Янн Мартель,https://starylev.com.ua//zhyttya-pi

Апокрифи степу (поезія 1992-2012 рр.),Ростислав Мельників,https://starylev.com.ua//apokryfy-stepu

Книга про ліс,Лесь Белей,https://starylev.com.ua//knyga-pro-lis

"Чоловіки, жінки і діти",Юлія Мусаковська,https://starylev.com.ua//choloviky-zhinky-i-dity

Тонка сріблиста нить,Поліна Жеребцова,https://starylev.com.ua//tonka-sriblysta-nyt

Що таке українська література,Леонід Ушкалов,https://starylev.com.ua//shcho-take-ukrayinska-literatura

Транс-Атлантик,Вітольд Ґомбрович,https://starylev.com.ua//trans-atlantyk

15 табу для мамусь і татусів,Лариса Шрагіна,https://starylev.com.ua//15-tabu-dlya-matus-i-tatusiv

На болоті,Мар'яна Савка,https://starylev.com.ua//na-boloti

Пташині скоромовки,,https://starylev.com.ua//ptashyni-skoromovky

Нині Рождество Божого дитяти,,https://starylev.com.ua//nyni-rozhdestvo-bozhogo-dytyaty

RECвізити. Книга 2,Тетяна Терен,https://starylev.com.ua//recvizyty-antologiya-pysmennyckyh-golosiv-knyga-druga

RECвізити. Книга 1,Тетяна Терен,https://starylev.com.ua//recvizyty-antologiya-pysmennyckyh-golosiv-knyga-persha

Корова спекла коровай,Григорій Фалькович,https://starylev.com.ua//korova-spekla-korovay

Задзеркалля,Оксана Лущевська,https://starylev.com.ua//zadzerkallya

Робінзон,Арам Пачян,https://starylev.com.ua//robinzon

Небо. Кручі. Провалля. Вода,Дмитро Стус,https://starylev.com.ua//nebo-kruchi-provallya-voda

Велике переродження,Андерс Аслунд,https://starylev.com.ua//velyke-pererodzhennya

Таємниця катакомб,Том Еґеланн,https://starylev.com.ua//tayemnycya-katakomb

Схід,Анджей Стасюк,https://starylev.com.ua//shid

МІСТОрія однієї дружби,Ірина Цілик,https://starylev.com.ua//mistoriya-odniyeyi-druzhby

Мій тато став зіркою,Галина Кирпа,https://starylev.com.ua//miy-tato-stav-zirkoyu

Таємничий обід,Христина Лукащук,https://starylev.com.ua//tayemnychyy-obid

Марта з вулиці Святого Миколая,Дзвінка Матіяш,https://starylev.com.ua//marta-z-vulyci-svyatogo-mykolaya

Від війни плачуть,Тірца Атар,https://starylev.com.ua//vid-viyny-plachut

Марійчині пригоди,Оксана Думанська,https://starylev.com.ua//mariychyni-prygody

Дім з вітражем,Жанна Слоньовська,https://starylev.com.ua//dim-z-vitrazhem

Смачна країна,Костянтин Грубач,https://starylev.com.ua//smachna-krayina

Засинай. Прокидайся,Галина Вдовиченко,https://starylev.com.ua//zasynay-prokydaysya

Баранчик Рассел,Роб Скоттон,https://starylev.com.ua//baranchyk-rassel

Орда,Роман Іваничук,https://starylev.com.ua//orda

Друзі незрадливі,,https://starylev.com.ua//druzi-nezradlyvi

Казка про Майдан,Христина Лукащук,https://starylev.com.ua//kazka-pro-maydan

Маленьке левеня і львівська мишка,Андрій Курков,https://starylev.com.ua//malenke-levenya-i-lvivska-myshka

Зайці в полі варять борщ,Євген Гуцало,https://starylev.com.ua//zayci-v-poli-varyat-borshch

"Братик Біль, Сестричка Радість",Богдана Матіяш,https://starylev.com.ua//bratyk-bil-sestrychka-radist

373,Маріанна Кіяновська,https://starylev.com.ua//373

Катівня. Виноградник. Дім.,Катерина Калитко,https://starylev.com.ua//kativnya-vynogradnyk-dim

Якби я була...,Зоя Казанжи,https://starylev.com.ua//yakbi-ya-bula

Терезка з Медової Печери,Наталя Пасічник,https://starylev.com.ua//terezka-z-medovoyi-pechery

Про кита,Оксана Лущевська,https://starylev.com.ua//pro-kyta

Рецепти Мумі-мами,Туве Янссон,https://starylev.com.ua//recepty-mumi-mamy

Золотоволоска,Чеська народна казка,https://starylev.com.ua//zolotovoloska

13 різдвяних історій,Софія Андрухович,https://starylev.com.ua//13-rizdvyanyh-istoriy

Мій братик - телезірка. Книга 1,Джеремі Стронґ,https://starylev.com.ua//miy-bratyk-telezirka

Різдво для Сплета,Роб Скоттон,https://starylev.com.ua//rizdvo-dlya-spleta

Слон Ґудзик та Вогняна Квітка,Леся Воронина,https://starylev.com.ua//slon-gudzyk-ta-vognyana-kvitka

Чаргород,Богдан Ігор Антонич,https://starylev.com.ua//chargorod

